var,coef,std_err,t,p_value,lower_ci,upper_ci
const,-8156850.918418032,280025.11170787923,-29.128997998319583,1.5095885539566891e-179,-8705752.457708428,-7607949.379127637
bedrooms,480459.703258617,45412.47659466311,10.57990533189905,4.9724410626467414e-26,391442.76419279736,569476.6423244367
baths,1135364.9868323468,43857.6921296229,25.88747678461368,2.3685951935446095e-143,1049395.7158164398,1221334.2578482537
log_floor_area,1497004.8809697276,37158.484478934675,40.2870273629805,0.0,1424167.3086399187,1569842.4532995366
floor_level,29596.775372457138,1589.8479997215481,18.61610378957034,3.8219215121485576e-76,26480.37624324162,32713.174501672656
log_land_area,637359.1667397887,38346.815555034984,16.620915127230237,2.9001422468984315e-61,562192.2434711306,712526.0900084468
nearby_stations,114638.23785950692,33651.32347284206,3.406648714783075,0.0006600894322837148,48675.35638525135,180601.1193337625
nearest_station_distance,-1232.1804271136075,64.98264747920774,-18.961684001992435,7.001714766590124e-79,-1359.5585576353874,-1104.8022965918276
nearby_supermarkets,10342.053474570472,3324.566854183037,3.110797264178307,0.0018707615428561041,3825.2812729452817,16858.82567619566
has_many_bedrooms,172150.11612510192,47899.814459237605,3.593962065794648,0.0003271583729880196,78257.53010650289,266042.70214370097
has_bus_stops,185230.43956089247,33712.23121840765,5.494458030999515,4.00933871093893e-08,119148.16752522704,251312.7115965579
has_parking,-325789.30871660734,53184.80411286502,-6.125608886802334,9.352963241676474e-10,-430041.46191229636,-221537.1555209183
property_type_Condo,3010945.6823261417,214436.03582120052,14.041229921060033,2.1677949158769363e-44,2590610.98654223,3431280.3781100535
property_type_Townhouse,-1095246.4649853199,47570.6592769222,-23.023571286022797,1.6482055410973087e-114,-1188493.8453466962,-1001999.0846239435
bed_bath,-169910.37076359394,10450.244296511615,-16.258985526329898,9.812646946785926e-59,-190394.8021252349,-149425.93940195296
has_security_parking,205195.67657362518,60662.658439621984,3.382569802440459,0.0007206969970210466,86285.53172314435,324105.821424106
has_pool_parking,340891.07270539086,44303.49612781966,7.694450833448647,1.5467310033199597e-14,254047.9425582812,427734.2028525005
province_Nonthaburi,-835918.5011205986,96816.8438001249,-8.634019332899594,6.7683252892343415e-18,-1025697.6043838972,-646139.3978573001
province_Samut Prakan,-776300.0082129266,101155.74472923612,-7.674304709938631,1.8087306708779543e-14,-974584.1679845221,-578015.8484413311
district_Bang Bo,-287186.3468674209,112883.45851888673,-2.5440959254395206,0.010970105718805353,-508459.0168916677,-65913.6768431741
district_Bang Bon,-1256483.931332437,264289.67137370264,-4.754192340554175,2.018529536336358e-06,-1774541.0675328267,-738426.7951320475
district_Bang Bua Thong,-743578.6212494951,54820.76125896059,-13.56381422244397,1.4524424051963808e-41,-851037.5561163998,-636119.6863825903
district_Bang Kapi,-320687.39309339377,127909.98495857681,-2.5071333813169256,0.01218625195901686,-571414.8625198387,-69959.92366694883
district_Bang Khae,-762213.5167237403,170122.06205337937,-4.480391946369541,7.528319963753875e-06,-1095684.5442284802,-428742.4892190003
district_Bang Khen,-663940.1770342888,134030.98135916152,-4.953632140132845,7.396032158070622e-07,-926665.9430627073,-401214.41100587026
district_Bang Kho Laem,1278540.4898956616,238331.79618308975,5.36454015104837,8.285685446963751e-08,811365.6390800884,1745715.3407112348
district_Bang Khun Thian,-935157.4217179446,158841.98778551925,-5.887343987287961,4.043049762491604e-09,-1246517.396070432,-623797.4473654572
district_Bang Kruai,391137.93276310666,69274.5026992918,5.646203401285554,1.6823178042344383e-08,255346.96411281906,526928.9014133943
district_Bang Na,-280905.1113350959,109235.00038030399,-2.5715669003260744,0.010137390798597854,-495026.12172392476,-66784.10094626702
district_Bang Phlat,-350553.7032177702,285217.1169964723,-1.2290766659074883,0.21907022825237726,-909632.5429564395,208525.13652089913
district_Bang Phli,-813.6501273709582,54925.1520538782,-0.014813798359134581,0.9881810088802274,-108477.21045685855,106849.91020211663
district_Bang Rak,1931887.447495186,328908.61653571116,5.873629787638695,4.391146271656039e-09,1287165.105269454,2576609.789720918
district_Bang Sao Thong,-234266.79604782915,91288.78900357427,-2.5662164938857583,0.010295017529675266,-413209.8790392254,-55323.71305643293
district_Bang Sue,-52076.68253546445,265670.08559329016,-0.19602012179567618,0.8445981578754111,-572839.6885250619,468686.32345413306
district_Bang Yai,-201272.7742017192,63511.89935176667,-3.169056133669549,0.0015336763438539064,-325767.96359676536,-76777.58480667305
district_Bangkok Noi,-260324.42793870356,252452.5945287444,-1.0311814320017332,0.3024791717433173,-755178.6818644694,234529.8259870623
district_Bangkok Yai,199848.16780524235,1022895.5825636474,0.19537494462960714,0.8451031584546805,-1805218.2934778915,2204914.629088376
district_Bueng Kum,-522310.0363086275,139088.3548933971,-3.7552391550604427,0.00017409854638863098,-794949.1993919655,-249670.87322528946
district_Chatuchak,-53427.20793232578,192635.15408101992,-0.27734921067343177,0.7815173614850689,-431028.10219362105,324173.6863289695
district_Chom Thong,-511184.08061441546,175393.1304411078,-2.9145045722646308,0.003569956376897332,-854987.3870140116,-167380.7742148193
district_Din Daeng,333832.18804693443,149423.11869631382,2.234140144842057,0.025494531574924255,40934.9569459628,626729.4191479061
district_Don Mueang,-305895.82013946486,157734.4435465988,-1.9393089629729183,0.05249011406334481,-615084.8008483185,3293.1605693887104
district_Huai Khwang,497230.30382707156,121991.66981537019,4.075936533860148,4.6162461334652205e-05,258103.83786884652,736356.7697852966
district_Khan Na Yao,-485288.5235719216,152886.39392213873,-3.1741773163874027,0.0015068961690741828,-784974.4211994321,-185602.62594441115
district_Khlong Sam Wa,-1074474.2380369338,129106.19502301989,-8.322406510743756,9.673770060110124e-17,-1327546.5026915025,-821401.9733823651
district_Khlong San,986410.9348870204,318529.7566515759,3.0967622782131685,0.001961553047223353,362033.0972370929,1610788.7725369479
district_Khlong Toei,1435873.5014261645,128411.31496346253,11.181830057847474,7.2461097093629e-29,1184163.331520838,1687583.671331491
district_Lak Si,-356437.5425796782,209725.75037190685,-1.699541148130867,0.08924648179198756,-767539.1988056533,54664.11364629696
district_Lat Krabang,-759487.1347772435,153096.15417573162,-4.96085051166906,7.126995676737597e-07,-1059584.2016937397,-459390.0678607473
district_Lat Phrao,40706.96831609891,143282.25851992518,0.28410334075267313,0.7763367120690489,-240153.02947094355,321566.96610314137
district_Min Buri,-750018.9516790884,156651.5567836612,-4.7878167767900255,1.7087659363511732e-06,-1057085.272004277,-442952.6313538997
district_Mueang Nonthaburi,380348.533945674,54502.75155914788,6.978519855697733,3.1605188942399384e-12,273512.9575078467,487184.11038350133
district_Mueang Samut Prakan,-113011.21159606751,56310.02997188267,-2.0069463939638728,0.04478060581260994,-223389.3913976649,-2633.031794470109
district_Nong Chok,-2272007.522002727,222247.1848202318,-10.222885494997277,2.0304368097625356e-24,-2707653.5292724012,-1836361.514733052
district_Nong Khaem,-1063154.0576514874,191237.84093216117,-5.559328909327238,2.7734165677654457e-08,-1438015.95706478,-688292.1582381949
district_Pak Kret,264905.1950109182,50939.413893616125,5.200397389026827,2.0255513541005314e-07,165054.42617728258,364755.9638445538
district_Pathum Wan,1467577.223073742,305393.8924585474,4.8055225049169685,1.5645683785239679e-06,868948.1335681762,2066206.3125793077
district_Phasi Charoen,-517026.8183381473,201285.37190305578,-2.5686258939231843,0.010223766861633557,-911583.755751265,-122469.88092502963
district_Phaya Thai,304355.87441630306,213501.63066779627,1.4255435589148917,0.15402945634334994,-114147.21268117224,722858.9615137784
district_Phra Pradaeng,679685.6397467778,168983.01116209177,4.022212854846161,5.805216643287615e-05,348447.3648110649,1010923.9146824908
district_Phra Samut Jadee,-820707.6433210117,90303.01631450499,-9.088374639255377,1.1835570353899495e-19,-997718.4276584749,-643696.8589835485
district_Prawet,-280424.0885705332,137298.7832095992,-2.0424368083615136,0.04113280533890061,-549555.3567871712,-11292.820353895135
district_Rat Burana,-222236.58777169007,188367.34024168388,-1.1798042457177045,0.2381044430428162,-591471.7695026741,146998.593959294
district_Ratchathewi,983687.1967319986,180224.77718086774,5.458112986011918,4.920147416929268e-08,630412.959969813,1336961.4334941842
district_Sai Mai,-630558.3196015506,138448.5148213409,-4.554460699092702,5.3103576078402025e-06,-901943.2765949088,-359173.3626081924
district_Sai Noi,-927458.7673890223,126565.99847875882,-7.327866714097585,2.50795798794265e-13,-1175551.7722024252,-679365.7625756195
district_Saphan Sung,-851938.1714190124,171372.47207287277,-4.971266161444777,6.7553531243195e-07,-1187860.2361905817,-516016.106647443
district_Sathon,1173489.2633711775,239149.12208447067,4.906935275960099,9.388103993858428e-07,704712.3010784097,1642266.2256639453
district_Suan Luang,-237165.69282880062,132160.50103629802,-1.794527797406449,0.07275732600889223,-496224.96794085007,21893.582283248834
district_Taling Chan,-607689.6903772103,248582.58165048272,-2.4446189525525437,0.014516628212566005,-1094957.995982143,-120421.3847722775
district_Thawi Watthana,-56017.568692453206,359202.1051579905,-0.1559500010942714,0.8760753890936533,-760120.8087020656,648085.6713171592
district_Thon Buri,623972.7792032317,225904.90677397235,2.7621037015700747,0.0057528729577966,181156.95348956366,1066788.6049168997
district_Thung Khru,-1381397.8610938906,169039.93517105066,-8.172020769506691,3.3765044767453e-16,-1712747.7177229365,-1050048.0044648447
district_Wang Thonglang,-75096.82133597144,152623.90440144687,-0.49203839746127953,0.622702344934076,-374268.19045896095,224074.5477870181
district_Watthana,1962196.199407884,115112.10742648647,17.04595844239054,2.6609603046181327e-64,1736554.9611203896,2187837.437695378
district_Yan Nawa,-45099.94146924146,198143.76378635195,-0.22761221755063846,0.8199520919088553,-433498.7399904984,343298.8570520155
year_built_bin_2001_2005,-656372.5948723578,124591.13083602981,-5.268212837205785,1.4044863789697054e-07,-900594.4901185601,-412150.69962615543
year_built_bin_2006_2010,-88815.78695550527,55490.14474660899,-1.6005686660410599,0.10950215864994328,-197586.83852689003,19955.264615879496
year_built_bin_2011_2015,55265.00933193485,47489.782502626775,1.1637242038090616,0.24456187779097519,-37823.83744067568,148353.85610454538
year_built_bin_2016_2020,599771.455175914,44866.72256805661,13.367846386955135,1.9728676242990304e-40,511824.29597180453,687718.6143800234
year_built_bin_2021_,1084013.2954467856,69272.18181711523,15.648609109911941,1.3746372183858476e-54,948226.8761592015,1219799.71473437
year_built_bin__2000,-893627.4355136359,124907.29105028862,-7.1543256442400525,8.961602745694229e-13,-1138469.0638516692,-648785.8071756025
nearest_station_name_A2 Lat Krabang Airport Link,300832.73105947097,255069.00483768934,1.1794170414821783,0.23825850840498194,-199150.17592614377,800815.6380450857
nearest_station_name_A3 Ban Thap Chang Airport Link,1029275.6573126598,277621.57712266356,3.707477163627982,0.00021039694243973474,485085.49488956085,1573465.8197357587
nearest_station_name_A4 Hua Mak Airport Link,943730.1313082114,229218.32829980325,4.117166974858447,3.864534649194267e-05,494419.38031889946,1393040.8822975233
nearest_station_name_A5 Ramkhamhaeng Airport Link,1254641.3822514447,139528.7298840641,8.991993142157458,2.839213356864368e-19,981139.0019060267,1528143.7625968629
nearest_station_name_A6 Makkasan Airport Link,1381318.9034849952,214628.36721650275,6.435863634426353,1.2805311413676833e-10,960607.2022307834,1802030.604739207
nearest_station_name_A7 Ratchaprarop Airport Link,1210548.1710624509,233600.8838431642,5.182121536300321,2.233938026058542e-07,752646.7923644141,1668449.5497604876
nearest_station_name_A8 Phaya Thai Airport Link,1540002.0570947663,286674.7931885411,5.371947913404209,7.953214991589308e-08,978065.8996650743,2101938.214524458
nearest_station_name_B1 Sathorn BRT,8.568765419918475e-10,1.8728842709465077e-09,0.45751707955708554,0.6473087653738001,-2.8143265617774404e-09,4.528079645761135e-09
nearest_station_name_B10 Charoenrat BRT,-205406.95940677135,323795.95811720093,-0.6343715980927174,0.5258519714431431,-840107.5358748889,429293.6170613462
nearest_station_name_B11 Rama III Bridge BRT,576863.5054749333,450943.86516816146,1.2792357320568386,0.2008419371388536,-307070.7253328373,1460797.736282704
nearest_station_name_B12 Ratchaphruek BRT,-514641.7102400478,265375.0897189424,-1.939299241632297,0.052491297253092574,-1034826.4691984194,5543.048718323815
nearest_station_name_B2 Arkan Songkhro BRT,1393604.5619203234,275853.7575965573,5.051968746274985,4.445327453805491e-07,852879.6560706407,1934329.467770006
nearest_station_name_B3 Technic Krungthep BRT,-145928.6807569915,298412.56130799325,-0.4890165484903221,0.6248400550556874,-730873.0568043131,439015.6952903301
nearest_station_name_B4 Thanon Chan BRT,1176666.4670814297,225026.6252672288,5.229009970193916,1.7365275752289392e-07,735572.2372205105,1617760.696942349
nearest_station_name_B5 Nararam 3 BRT,1586299.6536957896,264134.7285202815,6.0056459163187474,1.967984646894322e-09,1068546.2344378778,2104053.0729537015
nearest_station_name_B6 Wat Dan BRT,1601078.5164421014,324893.0965571233,4.928016425737125,8.431987688528812e-07,964227.3436406227,2237929.68924358
nearest_station_name_B7 Wat Pariwat BRT,973509.2127523245,298531.3912522077,3.2609944591383915,0.001113713635560328,388331.9078119645,1558686.5176926847
nearest_station_name_B8 Wat Dokmai BRT,484883.41085186397,265104.6200531293,1.8290266339179189,0.0674235767793831,-34771.177026525955,1004537.9987302539
nearest_station_name_B9 Rama IX Bridge BRT,1901299.5487657627,991623.523577218,1.9173602718771203,0.055218908824450505,-42467.83398209349,3845066.9315136187
nearest_station_name_BL01 Tha Phra MRT,275816.53954308387,1043237.8322026106,0.26438510091293993,0.7914883088322217,-1769124.5318111088,2320757.6108972766
nearest_station_name_BL02 Charan 13 MRT,118847.40534395748,1106580.6167121725,0.10740058478258192,0.9144732144185301,-2050257.3587168704,2287952.169404785
nearest_station_name_BL03 Fai Chai MRT,757783.3612980434,357214.5058728183,2.1213678303642087,0.033913901962564726,57576.18725362071,1457990.535342466
nearest_station_name_BL04 Bang Khun Non MRT,1363499.3559435795,390431.19264523993,3.492291040338329,0.00048083907278411673,598181.2695659464,2128817.4423212125
nearest_station_name_BL05 Bang Yi Khan MRT,1166731.3960189135,301994.000571346,3.863425742933835,0.00011247088939275699,574766.7298535393,1758696.0621842877
nearest_station_name_BL06 Sirindhorn MRT,1044586.9008237249,453914.2163440891,2.3012870344467844,0.021394633673328913,154830.22672593757,1934343.5749215123
nearest_station_name_BL07 Bang Phlat MRT,654447.6466255221,1001439.2234940152,0.653507103848158,0.5134435250237834,-1308560.341940441,2617455.6351914853
nearest_station_name_BL08 Bang O MRT,937964.739753925,390308.71389366244,2.4031355344258816,0.01627216059319816,172886.73461351113,1703042.7448943388
nearest_station_name_BL09 Bang Pho MRT,1004419.9114074106,305755.2696094517,3.2850453000871562,0.0010229548967569874,405082.4551657834,1603757.3676490379
nearest_station_name_BL10/PP16 Tao Poon MRT,1007172.3915807316,310118.8493138109,3.2476980802981394,0.001167030513112065,399281.5038202993,1615063.279341164
nearest_station_name_BL12 Kamphaeng Phet MRT,1867504.615573028,282949.5998591769,6.600131671868343,4.3032964577901907e-11,1312870.5330900121,2422138.698056044
nearest_station_name_BL13 Chatuchak Park MRT,2806395.252604901,251782.15237122297,11.146124640586928,1.0778769848346856e-28,2312855.19057437,3299935.314635432
nearest_station_name_BL14 Phahon Yothin MRT,1803542.5480349648,241017.75694132474,7.483027686105441,7.836276283608895e-14,1331102.7122840162,2275982.383785913
nearest_station_name_BL15 Lat Phrao MRT,1572347.282531523,201320.0251059241,7.810188190192385,6.2472832866196965e-15,1177722.418366123,1966972.1466969228
nearest_station_name_BL16 Ratchadaphisek MRT,875792.0061345331,171815.32345789543,5.097286950364192,3.504732169984709e-07,539001.8699052532,1212582.142363813
nearest_station_name_BL17 Sutthisan MRT,1056739.0776457707,146682.32895656402,7.204269833748653,6.230373118291442e-13,769214.3065282787,1344263.8487632629
nearest_station_name_BL18 Huai Khwang MRT,893243.810821456,121884.88521936795,7.328585568372971,2.4946118250453936e-13,654326.6626232013,1132160.9590197108
nearest_station_name_BL19 Thailand Cultural Centre MRT,1738743.877926476,156309.78942301063,11.123704307610772,1.38226980422119e-28,1432347.4854845267,2045140.2703684254
nearest_station_name_BL20 Phra Ram 9 MRT,1509259.9240817162,139503.11811295935,10.818825733053714,3.879391957079307e-27,1235807.747593008,1782712.1005704245
nearest_station_name_BL21 Phetchaburi MRT,1792368.5529890303,231753.05527070048,7.733958678108661,1.1367035292879822e-14,1338089.2635442894,2246647.842433771
nearest_station_name_BL22 Sukhumvit MRT,2352105.6610999154,180426.3525271513,13.036375386161847,1.4983384534586852e-38,1998436.2989963517,2705775.023203479
nearest_station_name_BL23 Queen Sirikit National Convention Centre MRT,2187188.300593418,190438.15349296108,11.485032071970076,2.3671089227732828e-30,1813893.9379758472,2560482.663210989
nearest_station_name_BL24 Khlong Toei MRT,1783716.1769296415,342058.9720697745,5.214645200318827,1.8762550305957827e-07,1113216.6808235338,2454215.6730357492
nearest_station_name_BL25 Lumphini MRT,783463.7204829303,502024.4377664797,1.560608730460576,0.1186458217034589,-200597.97659401188,1767525.4175598724
nearest_station_name_BL26 Silom MRT,3448665.6684771455,499691.5603739261,6.901588783881923,5.434969965929983e-12,2469176.846968178,4428154.489986112
nearest_station_name_BL27 Sam Yan MRT,1273266.350876237,334006.0617900058,3.8121055170452474,0.00013856483210570247,618552.0635372046,1927980.6382152694
nearest_station_name_BL28 Hua Lamphong MRT,2749503.3815273847,433172.82713630865,6.3473588583666745,2.2795718794011232e-10,1900403.7056314182,3598603.0574233513
nearest_station_name_BL32 Itsaraphap MRT,663622.0316032865,1404452.857836898,0.4725128564481545,0.6365704531980465,-2089367.9799913648,3416612.043197938
nearest_station_name_BL33 Bang Phai MRT,1581722.9806049378,710137.3588825756,2.227347936030053,0.025944853380859282,189721.073987026,2973724.8872228498
nearest_station_name_BL34 Bang Wa MRT,831956.8252272413,272456.9100789395,3.0535354195501836,0.002267204174335425,297890.37518455146,1366023.2752699312
nearest_station_name_BL35 Phetkasem 48 MRT,710365.5295424715,236918.6635730598,2.998351918878744,0.0027207098441179335,245960.6826745302,1174770.3764104128
nearest_station_name_BL36 Phasi Charoen MRT,506663.400135073,274553.3768638632,1.8454094643545438,0.06500574908942935,-31512.516513298382,1044839.3167834444
nearest_station_name_BL37 Bang Khae MRT,818619.8072883443,354327.8151918951,2.3103458779971877,0.02088803665417167,124071.08633246785,1513168.5282442207
nearest_station_name_BL38 Lak Song MRT,1137989.1135773868,337791.7391516602,3.3689074707254987,0.0007573454206469836,475854.1912874555,1800124.035867318
nearest_station_name_E1 Chit Lom BTS,3030324.4197325986,292241.90751782927,10.369232960018655,4.504482980447375e-25,2457475.678048893,3603173.1614163043
nearest_station_name_E10 Bang Chak BTS,1491707.1738471135,214962.6606751318,6.939378072275988,4.167333196728373e-12,1070340.1949540605,1913074.1527401665
nearest_station_name_E11 Punnawithi BTS,1700563.7343342232,142513.0851224137,11.932684868014043,1.290189460093269e-32,1421211.4601198998,1979916.0085485466
nearest_station_name_E12 Udom Suk BTS,1407507.7972431025,142512.19423372333,9.876402540927527,6.609243838000488e-23,1128157.2693370674,1686858.3251491375
nearest_station_name_E13 Bang Na BTS,1455469.037374971,157545.20438028986,9.238421715850473,2.977400148026487e-20,1146651.0007898337,1764287.0739601082
nearest_station_name_E14 Bearing BTS,1401653.7069914914,106144.82853998114,13.205105950720304,1.6749669120340026e-39,1193590.0107823797,1609717.403200603
nearest_station_name_E15 Samrong BTS,795455.4189663711,118491.88181125866,6.713163862427492,2.001438817476653e-11,563189.191402233,1027721.6465305092
nearest_station_name_E16 Pu Chao BTS,655147.0363507783,157974.2792711894,4.147175346349314,3.392143699863292e-05,345487.932810434,964806.1398911226
nearest_station_name_E17 Chang Erawan BTS,679804.7165414069,160690.42690040314,4.230524055815434,2.3509945566911233e-05,364821.4561584054,994787.9769244085
nearest_station_name_E18 Royal Thai Naval Academy BTS,715091.7301622643,440479.19727960316,1.6234404134830123,0.10452489828676816,-148329.79634852672,1578513.2566730552
nearest_station_name_E19 Pak Nam BTS,218897.5334218911,217733.21437269682,1.0053474572198309,0.31475242032741513,-207900.2483731052,645695.3152168874
nearest_station_name_E2 Ploen Chit BTS,2682135.4266707627,344600.61154611065,7.783315922269828,7.719854664106895e-15,2006653.8423070223,3357617.011034503
nearest_station_name_E20 Srinagarindra BTS,-341721.6764522714,971403.937806821,-0.35178123451279253,0.7250092952428049,-2245854.8932301733,1562411.5403256305
nearest_station_name_E21 Praek Sa BTS,505721.62121281016,216654.66092912556,2.3342291324083138,0.019602229098525874,81038.00568587636,930405.236739744
nearest_station_name_E22 Sai Luat BTS,2172007.0833438532,969884.292862242,2.2394496944929445,0.025147234987458623,270852.65459023556,4073161.512097471
nearest_station_name_E23 Kheha Samut Prakan BTS,875195.1521028026,688649.1754254482,1.2708868075854531,0.20379668936608622,-474685.9000523279,2225076.2042579334
nearest_station_name_E3 Nana BTS,1590780.8509986517,195651.6934131554,8.13067765091825,4.74291115078013e-16,1207266.976031303,1974294.7259660005
nearest_station_name_E4 Asok BTS,1580685.7451995667,184253.87417404415,8.578846725938954,1.091366863935085e-17,1219513.725527783,1941857.7648713505
nearest_station_name_E5 Phrom Phong BTS,2431069.070885661,154251.98140253476,15.760374996685211,2.455650430742097e-55,2128706.36664801,2733431.775123312
nearest_station_name_E6 Thong Lo BTS,2041056.36441196,132539.54415238835,15.39960302010123,6.117669872868372e-53,1781254.093971347,2300858.634852573
nearest_station_name_E7 Ekkamai BTS,1394894.181331366,158631.33161797214,8.79330815106977,1.6759758073125539e-18,1083947.1324266088,1705841.2302361233
nearest_station_name_E8 Phra Khanong BTS,324277.71902005235,131267.0904982784,2.4703657084888713,0.013513050633318523,66969.69548878542,581585.7425513193
nearest_station_name_E9 On Nut BTS,704577.1878622504,111071.75735233688,6.343441435136585,2.3381013852020164e-10,486855.7906256056,922298.5850988951
nearest_station_name_G1/S7 Krung Thon Buri BTS,946638.8499487031,340723.03878081765,2.7783235713557444,0.005473588523969844,278758.03269687854,1614519.6672005276
nearest_station_name_G2 Charoen Nakhon BTS,2.7628570706919756e-09,2.02432111586007e-09,1.3648314237527106,0.17233488370462202,-1.2051905438119415e-09,6.7309046851958926e-09
nearest_station_name_G3 Khlong San BTS,1478910.0253184694,451710.0466163351,3.274025088431557,0.0010636559892279855,593473.9357177024,2364346.1149192364
nearest_station_name_N1 Ratchathewi BTS,2167792.6629252527,218303.0287356064,9.930199665487619,3.877870972792725e-23,1739877.9385139202,2595707.387336585
nearest_station_name_N10 Phahon Yothin 24 BTS,1401778.6565244505,318101.5199512573,4.406702164577036,1.059835480431955e-05,778240.2428195825,2025317.0702293185
nearest_station_name_N11 Ratchayothin BTS,1743124.9576104404,246645.06341423834,7.067341764237448,1.6781650552451459e-12,1259654.5497575752,2226595.3654633057
nearest_station_name_N12 Sena Nikhom BTS,958806.2868043804,249337.02115083777,3.8454228833685526,0.00012104584097869885,470059.13881806016,1447553.4347907007
nearest_station_name_N13 Kasetsart University BTS,638266.5468222823,214365.01111398396,2.9774753981791267,0.002912873386181534,218071.07273488573,1058462.0209096787
nearest_station_name_N15 Bang Bua BTS,1510180.4061482155,347039.1015649287,4.351614556798496,1.3639902468474218e-05,829918.9257361884,2190441.8865602426
nearest_station_name_N16 11th Infantry Regiment BTS,822092.2666221249,498283.3229782729,1.649849049148232,0.09900331478779098,-154636.14647401858,1798820.6797182686
nearest_station_name_N17 Wat Phra Sri Mahathat BTS,701533.2964139105,279069.2219368958,2.5138325593373527,0.01195734644495961,154505.4796746273,1248561.1131531936
nearest_station_name_N18 Phahon Yothin 59 BTS,863462.9566885247,247298.8942592149,3.4915762938408292,0.00048212596411417236,378710.9182166969,1348214.9951603524
nearest_station_name_N19 Sai Yud BTS,812570.5929738202,246700.90214633543,3.29374795918593,0.0009918372710025392,328990.7307730458,1296150.4551745947
nearest_station_name_N2 Phaya Thai BTS,2539686.4111428265,259323.79823679145,9.793495346014524,1.4949884891556018e-22,2031363.314122519,3048009.508163134
nearest_station_name_N20 Saphan Mai BTS,-624475.8646220408,976837.8637156916,-0.6392830251753983,0.5226525838389374,-2539260.5914647994,1290308.8622207176
nearest_station_name_N24 Khu Khot BTS,-454145.2182086723,969991.5408305457,-0.46819502963893367,0.6396547112443827,-2355509.873018549,1447219.436601204
nearest_station_name_N3 Victory Monument BTS,2194465.442219083,273721.65144196554,8.017142343905352,1.1957047943857274e-15,1657919.8627985488,2731011.0216396176
nearest_station_name_N4 Sanam Pao BTS,2455207.36345332,708484.0051700328,3.4654379570136973,0.0005314553777422466,1066446.3390272632,3843968.387879377
nearest_station_name_N5 Ari BTS,2763520.4014567537,269830.8292676584,10.241677754010393,1.6753980107008018e-24,2234601.5604653438,3292439.2424481637
nearest_station_name_N6 Sena Ruam BTS,1657611.823153053,236168.72972341688,7.018760803321945,2.3747316822920023e-12,1194676.9867492602,2120546.6595568457
nearest_station_name_N7 Saphan Kwai BTS,1829286.7469622986,242430.76717281147,7.545604744377728,4.8695852741792805e-14,1354077.1471485281,2304496.346776069
nearest_station_name_N8 Mo Chit BTS,834478.3593996046,344671.8599447006,2.42108061718032,0.015491055292221929,158857.11486246216,1510099.6039367472
nearest_station_name_N9 Ha Yaek Lat Phrao BTS,1647546.114959466,224548.82968430952,7.337139620258681,2.341055321565195e-13,1207388.4537131651,2087703.776205767
nearest_station_name_PP01 Khlong Bang Phai MRT,1080213.115922239,145376.67824836582,7.430442963325733,1.165364180751901e-13,795247.6641426969,1365178.567701781
nearest_station_name_PP02 Talad Bang Yai MRT,1236830.1519121341,306190.8839408051,4.039408802749485,5.396229389380458e-05,636638.8101901709,1837021.4936340973
nearest_station_name_PP03 Sam Yaek Bang Yai MRT,733680.4049579441,164316.5108407118,4.465043720829569,8.087642736720442e-06,411589.34254857304,1055771.4673673152
nearest_station_name_PP04 Bang Phlu MRT,758617.4569163792,353047.2096138152,2.148770578717225,0.03167507223263794,66578.96216394857,1450655.9516688096
nearest_station_name_PP05 Bang Rak Yai MRT,1444607.1429525353,252044.98208689992,5.731544944840301,1.0222435187009797e-08,950551.8855717499,1938662.4003333207
nearest_station_name_PP06 Bang Rak Noi Tha It MRT,532924.3853505864,320638.94866982085,1.6620700247472657,0.09652817573380025,-95587.86273993552,1161436.6334411083
nearest_station_name_PP07 Sai Ma MRT,434432.8253444026,140529.6055153001,3.091397173936448,0.001997315671146623,158968.54175654677,709897.1089322583
nearest_station_name_PP08 Phra Nang Klao Bridge MRT,546265.106728463,153224.23485679852,3.565135157888017,0.00036526257408948573,245916.97774627485,846613.2357106511
nearest_station_name_PP09 Yaek Nonthaburi 1 MRT,252285.11391737452,122570.09093597006,2.0582926225384535,0.03958633559336488,12024.83448963982,492545.3933451092
nearest_station_name_PP10 Bang Krasor MRT,-179186.40561310473,131861.16576749357,-1.3589020282822175,0.17420642415022636,-437658.9276700136,79286.11644380417
nearest_station_name_PP11 Nonthaburi Civic Center MRT,935046.7134207729,154859.50966909065,6.038032248835181,1.6121185974506883e-09,631493.1402691121,1238600.2865724338
nearest_station_name_PP12 Ministry of Public Health MRT,567308.5906175873,165595.52231362395,3.4258691460458253,0.0006151500694979464,242710.42674874456,891906.7544864301
nearest_station_name_PP13 Yaek Tiwanon MRT,113181.56578668847,131139.3783202545,0.8630631564402311,0.3881221857544497,-143876.1180137025,370239.24958707945
nearest_station_name_PP14 Wong Sawang MRT,590730.7748841487,303456.6003127407,1.9466730144453765,0.051600215658129625,-4100.860048850765,1185562.4098171482
nearest_station_name_PP15 Bang Son MRT,-239013.17321922627,273687.88200076984,-0.8733056482879061,0.3825162001406621,-775492.5582254803,297466.21178702766
nearest_station_name_RN02 SRT Chatuchak,811673.5174644652,279621.6563648478,2.9027562743759767,0.003706536153442723,263562.82602865784,1359784.2089002726
nearest_station_name_RN03 SRT Wat Samian Nari,859123.6337112023,312984.5766667956,2.744939200712846,0.006062360431618941,245615.38490180508,1472631.8825205995
nearest_station_name_RN04 SRT Bang Khen,1058095.4373616313,406174.0293148509,2.6050297680195484,0.009199402679485671,261918.44969459798,1854272.4250286645
nearest_station_name_RN06 SRT Lak Si,521742.492653081,298119.0481914585,1.7501145794548716,0.08012735140839862,-62626.542845369026,1106111.528151531
nearest_station_name_RN07 SRT Kan Kheha,-578279.502386752,345279.3547247039,-1.6748163319750828,0.09399964414670146,-1255091.550198004,98532.54542450001
nearest_station_name_RN08 SRT Don Muang,2.876671640765894e-10,1.6487521027289574e-10,1.7447569201000726,0.08105604584162851,-3.551905360816406e-11,6.10853381761343e-10
nearest_station_name_RW02 SRT Bang Son,270984.6715912278,359735.2826562901,0.7532891118999321,0.4512928581256028,-434163.69593479444,976133.0391172501
nearest_station_name_RW05 SRT Bang Bamru,639608.2069318768,338844.91311851644,1.8876134248123229,0.05910504095457812,-24591.133109813207,1303807.546973567
nearest_station_name_RW06 SRT Taling Chan,745246.3908773824,695823.7278808758,1.0710275620335954,0.28418131674923275,-618698.1245953243,2109190.9063500892
nearest_station_name_S1 Rachadamri BTS,1097290.1889192003,638126.2328874588,1.7195503528417404,0.08554327333943343,-153556.45607350185,2348136.8339119023
nearest_station_name_S10 Talat Phlu BTS,-60420.993565969984,247717.03886528395,-0.24391133465319983,0.807304190498019,-545992.6735925048,425150.6864605649
nearest_station_name_S11 Wutthakat BTS,771915.011414584,190272.66175523517,4.056888700109571,5.008567260964314e-05,398945.04352369864,1144884.9793054694
nearest_station_name_S2 Sala Daeng BTS,2374360.6055480726,584374.8077711544,4.063078308601369,4.877740451602161e-05,1228876.7967861816,3519844.4143099636
nearest_station_name_S3 Chong Nonsi BTS,1480399.331111515,397482.6458318615,3.724437649380387,0.0001967620014534064,701259.0789832314,2259539.5832397984
nearest_station_name_S4 Saint Louis BTS,1913581.052639238,357134.47312214563,5.358152731407598,8.58313494671964e-08,1213530.7577395819,2613631.347538894
nearest_station_name_S5 Surasak BTS,1078126.0364929459,366616.96360087674,2.94074236473865,0.003281313458053451,359488.2885311807,1796763.784454711
nearest_station_name_S6 Saphan Taksin BTS,2034142.4281301135,263410.13383415533,7.722339298497993,1.244677336273073e-14,1517809.3498414473,2550475.5064187795
nearest_station_name_S8 Wongwian Yai BTS,786236.9330864842,330122.73441002617,2.381650371615865,0.017252718850964927,139134.6929793551,1433339.1731936133
nearest_station_name_S9 Pho Nimit BTS,756024.1338801445,365582.95706107316,2.0679961121761083,0.0386644861318113,39413.231931841816,1472635.035828447
nearest_station_name_W1 National Stadium BTS,1907505.8483229254,395245.289226744,4.826131772638608,1.4114430394482887e-06,1132751.2331719843,2682260.4634738667
