dt,c_kwH
01/01/2024 0:00,1.07
01/01/2024 1:00,1.5
01/01/2024 2:00,0
01/01/2024 3:00,0
01/01/2024 4:00,0
01/01/2024 5:00,0
01/01/2024 6:00,0
01/01/2024 7:00,0
01/01/2024 8:00,0
01/01/2024 9:00,0
01/01/2024 10:00,0
01/01/2024 11:00,0
01/01/2024 12:00,0
01/01/2024 13:00,0
01/01/2024 14:00,0.22
01/01/2024 15:00,0.32
01/01/2024 16:00,0.99
01/01/2024 17:00,3.92
01/01/2024 18:00,5.31
01/01/2024 19:00,6.14
01/01/2024 20:00,6.07
01/01/2024 21:00,5.5
01/01/2024 22:00,4.85
01/01/2024 23:00,0.99
02/01/2024 0:00,0.99
02/01/2024 1:00,3.56
02/01/2024 2:00,2.94
02/01/2024 3:00,1.96
02/01/2024 4:00,2.77
02/01/2024 5:00,1.64
02/01/2024 6:00,0.99
02/01/2024 7:00,3.88
02/01/2024 8:00,4.6
02/01/2024 9:00,7.39
02/01/2024 10:00,7.79
02/01/2024 11:00,7.64
02/01/2024 12:00,7.56
02/01/2024 13:00,7.79
02/01/2024 14:00,8.03
02/01/2024 15:00,8.13
02/01/2024 16:00,8.39
02/01/2024 17:00,8.53
02/01/2024 18:00,8.79
02/01/2024 19:00,8.6
02/01/2024 20:00,8.15
02/01/2024 21:00,7.52
02/01/2024 22:00,6
02/01/2024 23:00,4.8
03/01/2024 0:00,4.1
03/01/2024 1:00,3.75
03/01/2024 2:00,1.94
03/01/2024 3:00,1.82
03/01/2024 4:00,1.73
03/01/2024 5:00,1.68
03/01/2024 6:00,1.78
03/01/2024 7:00,2
03/01/2024 8:00,3.41
03/01/2024 9:00,4.64
03/01/2024 10:00,6.26
03/01/2024 11:00,6.5
03/01/2024 12:00,6
03/01/2024 13:00,5.79
03/01/2024 14:00,5.71
03/01/2024 15:00,5.69
03/01/2024 16:00,6.29
03/01/2024 17:00,7.22
03/01/2024 18:00,7.97
03/01/2024 19:00,8.49
03/01/2024 20:00,8.56
03/01/2024 21:00,8.32
03/01/2024 22:00,7.32
03/01/2024 23:00,6.74
04/01/2024 0:00,6.5
04/01/2024 1:00,5.81
04/01/2024 2:00,5.73
04/01/2024 3:00,5.05
04/01/2024 4:00,4
04/01/2024 5:00,2.55
04/01/2024 6:00,3.5
04/01/2024 7:00,5.77
04/01/2024 8:00,7.27
04/01/2024 9:00,8.5
04/01/2024 10:00,9.15
04/01/2024 11:00,9.42
04/01/2024 12:00,7.38
04/01/2024 13:00,7.01
04/01/2024 14:00,7.01
04/01/2024 15:00,8.6
04/01/2024 16:00,9.21
04/01/2024 17:00,9.86
04/01/2024 18:00,10.45
04/01/2024 19:00,11.27
04/01/2024 20:00,11.45
04/01/2024 21:00,11.05
04/01/2024 22:00,10.1
04/01/2024 23:00,9.49
05/01/2024 0:00,9.19
05/01/2024 1:00,8.86
05/01/2024 2:00,8.61
05/01/2024 3:00,8.05
05/01/2024 4:00,7.7
05/01/2024 5:00,7.3
05/01/2024 6:00,7.28
05/01/2024 7:00,7.53
05/01/2024 8:00,9.38
05/01/2024 9:00,10.46
05/01/2024 10:00,10.68
05/01/2024 11:00,10.07
05/01/2024 12:00,9.75
05/01/2024 13:00,9.85
05/01/2024 14:00,9.72
05/01/2024 15:00,10.29
05/01/2024 16:00,11.03
05/01/2024 17:00,11.22
05/01/2024 18:00,11.39
05/01/2024 19:00,11.61
05/01/2024 20:00,11.26
05/01/2024 21:00,10.98
05/01/2024 22:00,10.57
05/01/2024 23:00,9.71
06/01/2024 0:00,9.49
06/01/2024 1:00,8.68
06/01/2024 2:00,8.23
06/01/2024 3:00,8.02
06/01/2024 4:00,7.61
06/01/2024 5:00,7.3
06/01/2024 6:00,7.3
06/01/2024 7:00,7.46
06/01/2024 8:00,7.51
06/01/2024 9:00,8.14
06/01/2024 10:00,8.84
06/01/2024 11:00,9.22
06/01/2024 12:00,9.73
06/01/2024 13:00,9.47
06/01/2024 14:00,9.92
06/01/2024 15:00,9.47
06/01/2024 16:00,9.25
06/01/2024 17:00,7.43
06/01/2024 18:00,9.47
06/01/2024 19:00,10.43
06/01/2024 20:00,10.36
06/01/2024 21:00,9.9
06/01/2024 22:00,9.21
06/01/2024 23:00,8.8
07/01/2024 0:00,8.66
07/01/2024 1:00,7.99
07/01/2024 2:00,8.41
07/01/2024 3:00,7.98
07/01/2024 4:00,7.68
07/01/2024 5:00,7.35
07/01/2024 6:00,7.19
07/01/2024 7:00,7.21
07/01/2024 8:00,7.49
07/01/2024 9:00,7.77
07/01/2024 10:00,8.18
07/01/2024 11:00,8.49
07/01/2024 12:00,8.15
07/01/2024 13:00,8.1
07/01/2024 14:00,8.87
07/01/2024 15:00,8.48
07/01/2024 16:00,8.43
07/01/2024 17:00,8.8
07/01/2024 18:00,9.34
07/01/2024 19:00,10.18
07/01/2024 20:00,10.49
07/01/2024 21:00,10.12
07/01/2024 22:00,10.05
07/01/2024 23:00,9.33
08/01/2024 0:00,9.12
08/01/2024 1:00,8.39
08/01/2024 2:00,7.81
08/01/2024 3:00,7.44
08/01/2024 4:00,5.17
08/01/2024 5:00,4.06
08/01/2024 6:00,7
08/01/2024 7:00,8.21
08/01/2024 8:00,9.43
08/01/2024 9:00,10.24
08/01/2024 10:00,12.11
08/01/2024 11:00,11.78
08/01/2024 12:00,10.1
08/01/2024 13:00,10.03
08/01/2024 14:00,9.55
08/01/2024 15:00,9.29
08/01/2024 16:00,10
08/01/2024 17:00,10.79
08/01/2024 18:00,12.2
08/01/2024 19:00,13.01
08/01/2024 20:00,13
08/01/2024 21:00,12.2
08/01/2024 22:00,11.42
08/01/2024 23:00,10.28
09/01/2024 0:00,10
09/01/2024 1:00,9.15
09/01/2024 2:00,8.75
09/01/2024 3:00,8.62
09/01/2024 4:00,8.5
09/01/2024 5:00,8.41
09/01/2024 6:00,8.52
09/01/2024 7:00,8.96
09/01/2024 8:00,10.74
09/01/2024 9:00,12.2
09/01/2024 10:00,13.28
09/01/2024 11:00,12.09
09/01/2024 12:00,11.23
09/01/2024 13:00,10.5
09/01/2024 14:00,9.97
09/01/2024 15:00,10.02
09/01/2024 16:00,11.08
09/01/2024 17:00,11.94
09/01/2024 18:00,12.85
09/01/2024 19:00,13.74
09/01/2024 20:00,13.7
09/01/2024 21:00,13.01
09/01/2024 22:00,11.98
09/01/2024 23:00,10.92
10/01/2024 0:00,10.56
10/01/2024 1:00,9.66
10/01/2024 2:00,8.92
10/01/2024 3:00,8.68
10/01/2024 4:00,8.67
10/01/2024 5:00,8.58
10/01/2024 6:00,8.78
10/01/2024 7:00,9.15
10/01/2024 8:00,11.06
10/01/2024 9:00,12.88
10/01/2024 10:00,14.16
10/01/2024 11:00,13.04
10/01/2024 12:00,11.92
10/01/2024 13:00,10.91
10/01/2024 14:00,10.17
10/01/2024 15:00,10.82
10/01/2024 16:00,11.56
10/01/2024 17:00,12.58
10/01/2024 18:00,13.62
10/01/2024 19:00,14.38
10/01/2024 20:00,14
10/01/2024 21:00,13.22
10/01/2024 22:00,12
10/01/2024 23:00,10.94
11/01/2024 0:00,10.49
11/01/2024 1:00,9.58
11/01/2024 2:00,9.18
11/01/2024 3:00,8.86
11/01/2024 4:00,8.73
11/01/2024 5:00,8.24
11/01/2024 6:00,8.21
11/01/2024 7:00,9.04
11/01/2024 8:00,11.16
11/01/2024 9:00,12.2
11/01/2024 10:00,14.1
11/01/2024 11:00,12.92
11/01/2024 12:00,11.37
11/01/2024 13:00,10.65
11/01/2024 14:00,9.94
11/01/2024 15:00,9.9
11/01/2024 16:00,10.6
11/01/2024 17:00,11.91
11/01/2024 18:00,14.71
11/01/2024 19:00,15.81
11/01/2024 20:00,14.2
11/01/2024 21:00,13.23
11/01/2024 22:00,12.2
11/01/2024 23:00,10.72
12/01/2024 0:00,10
12/01/2024 1:00,9.64
12/01/2024 2:00,9.06
12/01/2024 3:00,8.79
12/01/2024 4:00,8.57
12/01/2024 5:00,8.54
12/01/2024 6:00,8.78
12/01/2024 7:00,9.48
12/01/2024 8:00,11.85
12/01/2024 9:00,12.2
12/01/2024 10:00,14.07
12/01/2024 11:00,13.5
12/01/2024 12:00,12.2
12/01/2024 13:00,11.47
12/01/2024 14:00,10.7
12/01/2024 15:00,10.31
12/01/2024 16:00,10.45
12/01/2024 17:00,11
12/01/2024 18:00,12
12/01/2024 19:00,12.75
12/01/2024 20:00,12.6
12/01/2024 21:00,11.95
12/01/2024 22:00,11
12/01/2024 23:00,10.52
13/01/2024 0:00,10.17
13/01/2024 1:00,9
13/01/2024 2:00,9
13/01/2024 3:00,8.46
13/01/2024 4:00,8.2
13/01/2024 5:00,7.85
13/01/2024 6:00,7.5
13/01/2024 7:00,8.39
13/01/2024 8:00,9.55
13/01/2024 9:00,8.54
13/01/2024 10:00,9.25
13/01/2024 11:00,8.83
13/01/2024 12:00,8.45
13/01/2024 13:00,7.61
13/01/2024 14:00,7.12
13/01/2024 15:00,7.15
13/01/2024 16:00,9.22
13/01/2024 17:00,12.2
13/01/2024 18:00,12.2
13/01/2024 19:00,13
13/01/2024 20:00,13.5
13/01/2024 21:00,13.4
13/01/2024 22:00,12.2
13/01/2024 23:00,9.75
14/01/2024 0:00,7.03
14/01/2024 1:00,6.87
14/01/2024 2:00,6.82
14/01/2024 3:00,6.63
14/01/2024 4:00,6.58
14/01/2024 5:00,6.57
14/01/2024 6:00,6.61
14/01/2024 7:00,6.7
14/01/2024 8:00,6.79
14/01/2024 9:00,7.23
14/01/2024 10:00,7.7
14/01/2024 11:00,8.22
14/01/2024 12:00,8.25
14/01/2024 13:00,6.95
14/01/2024 14:00,7.39
14/01/2024 15:00,7.7
14/01/2024 16:00,7.92
14/01/2024 17:00,8.23
14/01/2024 18:00,8.66
14/01/2024 19:00,9.19
14/01/2024 20:00,9.76
14/01/2024 21:00,8.95
14/01/2024 22:00,8.2
14/01/2024 23:00,7.94
15/01/2024 0:00,7.62
15/01/2024 1:00,6.78
15/01/2024 2:00,7.05
15/01/2024 3:00,6.68
15/01/2024 4:00,6.46
15/01/2024 5:00,6.2
15/01/2024 6:00,6.27
15/01/2024 7:00,8.49
15/01/2024 8:00,12.2
15/01/2024 9:00,11.41
15/01/2024 10:00,12.2
15/01/2024 11:00,10.49
15/01/2024 12:00,9.99
15/01/2024 13:00,9.03
15/01/2024 14:00,8.89
15/01/2024 15:00,9.08
15/01/2024 16:00,9.97
15/01/2024 17:00,9.81
15/01/2024 18:00,10.53
15/01/2024 19:00,11.4
15/01/2024 20:00,11.46
15/01/2024 21:00,11.38
15/01/2024 22:00,10.37
15/01/2024 23:00,9.39
16/01/2024 0:00,9.14
16/01/2024 1:00,8.77
16/01/2024 2:00,8.27
16/01/2024 3:00,8.16
16/01/2024 4:00,8.02
16/01/2024 5:00,7.83
16/01/2024 6:00,7.75
16/01/2024 7:00,9
16/01/2024 8:00,10.79
16/01/2024 9:00,12.52
16/01/2024 10:00,14.41
16/01/2024 11:00,13.86
16/01/2024 12:00,12.2
16/01/2024 13:00,11
16/01/2024 14:00,10.32
16/01/2024 15:00,11.06
16/01/2024 16:00,11.91
16/01/2024 17:00,13.18
16/01/2024 18:00,14.13
16/01/2024 19:00,14.39
16/01/2024 20:00,13.56
16/01/2024 21:00,12.9
16/01/2024 22:00,12.2
16/01/2024 23:00,10.72
17/01/2024 0:00,10.31
17/01/2024 1:00,9.8
17/01/2024 2:00,10.75
17/01/2024 3:00,10.65
17/01/2024 4:00,10.48
17/01/2024 5:00,10.31
17/01/2024 6:00,10.6
17/01/2024 7:00,13.94
17/01/2024 8:00,18.3
17/01/2024 9:00,19.1
17/01/2024 10:00,15.18
17/01/2024 11:00,11.55
17/01/2024 12:00,11.03
17/01/2024 13:00,11.11
17/01/2024 14:00,11.46
17/01/2024 15:00,11.72
17/01/2024 16:00,11.74
17/01/2024 17:00,11.9
17/01/2024 18:00,12.2
17/01/2024 19:00,13.23
17/01/2024 20:00,12.2
17/01/2024 21:00,11.44
17/01/2024 22:00,10.81
17/01/2024 23:00,10
18/01/2024 0:00,9.28
18/01/2024 1:00,8.35
18/01/2024 2:00,8.02
18/01/2024 3:00,7.7
18/01/2024 4:00,7.47
18/01/2024 5:00,7.42
18/01/2024 6:00,7.6
18/01/2024 7:00,8.14
18/01/2024 8:00,9.9
18/01/2024 9:00,11.27
18/01/2024 10:00,12.73
18/01/2024 11:00,12.35
18/01/2024 12:00,11.8
18/01/2024 13:00,11.45
18/01/2024 14:00,10.88
18/01/2024 15:00,10.5
18/01/2024 16:00,10.54
18/01/2024 17:00,10.83
18/01/2024 18:00,11.22
18/01/2024 19:00,11.44
18/01/2024 20:00,10.89
18/01/2024 21:00,10.63
18/01/2024 22:00,10.03
18/01/2024 23:00,8.46
19/01/2024 0:00,8.25
19/01/2024 1:00,7.36
19/01/2024 2:00,5.96
19/01/2024 3:00,4.94
19/01/2024 4:00,6.05
19/01/2024 5:00,6.28
19/01/2024 6:00,6.33
19/01/2024 7:00,6.75
19/01/2024 8:00,7.82
19/01/2024 9:00,9.31
19/01/2024 10:00,10.43
19/01/2024 11:00,10.3
19/01/2024 12:00,9.5
19/01/2024 13:00,8.67
19/01/2024 14:00,7.82
19/01/2024 15:00,7.42
19/01/2024 16:00,7.6
19/01/2024 17:00,9.35
19/01/2024 18:00,9.89
19/01/2024 19:00,10.69
19/01/2024 20:00,10.72
19/01/2024 21:00,9.81
19/01/2024 22:00,9.79
19/01/2024 23:00,7.44
20/01/2024 0:00,7.91
20/01/2024 1:00,6.74
20/01/2024 2:00,6.91
20/01/2024 3:00,6.43
20/01/2024 4:00,6.52
20/01/2024 5:00,6.27
20/01/2024 6:00,6.22
20/01/2024 7:00,6.27
20/01/2024 8:00,6.45
20/01/2024 9:00,6.92
20/01/2024 10:00,7.72
20/01/2024 11:00,8.06
20/01/2024 12:00,7.46
20/01/2024 13:00,7.23
20/01/2024 14:00,6.95
20/01/2024 15:00,6.9
20/01/2024 16:00,7.34
20/01/2024 17:00,9.04
20/01/2024 18:00,10
20/01/2024 19:00,10.5
20/01/2024 20:00,10.5
20/01/2024 21:00,9.32
20/01/2024 22:00,8.9
20/01/2024 23:00,7.64
21/01/2024 0:00,7.54
21/01/2024 1:00,6.91
21/01/2024 2:00,6.95
21/01/2024 3:00,5.8
21/01/2024 4:00,5.52
21/01/2024 5:00,5.09
21/01/2024 6:00,5.37
21/01/2024 7:00,6.12
21/01/2024 8:00,6.14
21/01/2024 9:00,6.47
21/01/2024 10:00,6.63
21/01/2024 11:00,5.9
21/01/2024 12:00,5.47
21/01/2024 13:00,5.1
21/01/2024 14:00,4.63
21/01/2024 15:00,4.7
21/01/2024 16:00,5.58
21/01/2024 17:00,7.1
21/01/2024 18:00,9.5
21/01/2024 19:00,9.88
21/01/2024 20:00,10.19
21/01/2024 21:00,9.87
21/01/2024 22:00,9.4
21/01/2024 23:00,6.9
22/01/2024 0:00,6.51
22/01/2024 1:00,6.05
22/01/2024 2:00,5.16
22/01/2024 3:00,5.4
22/01/2024 4:00,5.08
22/01/2024 5:00,4.42
22/01/2024 6:00,4.93
22/01/2024 7:00,9.57
22/01/2024 8:00,10.6
22/01/2024 9:00,11.45
22/01/2024 10:00,12.2
22/01/2024 11:00,10.93
22/01/2024 12:00,8.18
22/01/2024 13:00,7.83
22/01/2024 14:00,6.77
22/01/2024 15:00,8.32
22/01/2024 16:00,9.04
22/01/2024 17:00,11.34
22/01/2024 18:00,12.2
22/01/2024 19:00,13.18
22/01/2024 20:00,12.2
22/01/2024 21:00,11.45
22/01/2024 22:00,10.86
22/01/2024 23:00,9.98
23/01/2024 0:00,9.75
23/01/2024 1:00,9
23/01/2024 2:00,7.59
23/01/2024 3:00,7.2
23/01/2024 4:00,6.51
23/01/2024 5:00,6.51
23/01/2024 6:00,7.03
23/01/2024 7:00,12.2
23/01/2024 8:00,12.2
23/01/2024 9:00,12.2
23/01/2024 10:00,12.2
23/01/2024 11:00,10.12
23/01/2024 12:00,8.71
23/01/2024 13:00,6.76
23/01/2024 14:00,6.14
23/01/2024 15:00,6.59
23/01/2024 16:00,8.81
23/01/2024 17:00,11.79
23/01/2024 18:00,14.13
23/01/2024 19:00,17.46
23/01/2024 20:00,15.42
23/01/2024 21:00,12.2
23/01/2024 22:00,12.2
23/01/2024 23:00,9.79
24/01/2024 0:00,9.41
24/01/2024 1:00,8.94
24/01/2024 2:00,7.64
24/01/2024 3:00,7.16
24/01/2024 4:00,6.57
24/01/2024 5:00,5.29
24/01/2024 6:00,5.31
24/01/2024 7:00,7.9
24/01/2024 8:00,9.7
24/01/2024 9:00,12.2
24/01/2024 10:00,12.2
24/01/2024 11:00,10.72
24/01/2024 12:00,9.5
24/01/2024 13:00,9.39
24/01/2024 14:00,9.16
24/01/2024 15:00,9.43
24/01/2024 16:00,10.09
24/01/2024 17:00,10.1
24/01/2024 18:00,11.19
24/01/2024 19:00,12.2
24/01/2024 20:00,12.2
24/01/2024 21:00,11.93
24/01/2024 22:00,9.36
24/01/2024 23:00,7.17
25/01/2024 0:00,5.53
25/01/2024 1:00,4.84
25/01/2024 2:00,4.88
25/01/2024 3:00,4.86
25/01/2024 4:00,4.73
25/01/2024 5:00,4.72
25/01/2024 6:00,6.98
25/01/2024 7:00,14.63
25/01/2024 8:00,12.2
25/01/2024 9:00,12.79
25/01/2024 10:00,12.42
25/01/2024 11:00,10.24
25/01/2024 12:00,8.86
25/01/2024 13:00,7.87
25/01/2024 14:00,7.5
25/01/2024 15:00,7.81
25/01/2024 16:00,9.2
25/01/2024 17:00,9.99
25/01/2024 18:00,10.86
25/01/2024 19:00,12.66
25/01/2024 20:00,12.2
25/01/2024 21:00,12
25/01/2024 22:00,10.61
25/01/2024 23:00,8.58
26/01/2024 0:00,7.94
26/01/2024 1:00,7.44
26/01/2024 2:00,6.28
26/01/2024 3:00,6.2
26/01/2024 4:00,5.85
26/01/2024 5:00,5.8
26/01/2024 6:00,6.8
26/01/2024 7:00,9
26/01/2024 8:00,9.93
26/01/2024 9:00,12.01
26/01/2024 10:00,11.48
26/01/2024 11:00,10.15
26/01/2024 12:00,9.35
26/01/2024 13:00,9.17
26/01/2024 14:00,8.08
26/01/2024 15:00,8.75
26/01/2024 16:00,9.49
26/01/2024 17:00,10.17
26/01/2024 18:00,11.74
26/01/2024 19:00,12.2
26/01/2024 20:00,11.81
26/01/2024 21:00,10.77
26/01/2024 22:00,10.13
26/01/2024 23:00,9.86
27/01/2024 0:00,6.3
27/01/2024 1:00,7.03
27/01/2024 2:00,7.06
27/01/2024 3:00,5.72
27/01/2024 4:00,5.96
27/01/2024 5:00,5.6
27/01/2024 6:00,5.6
27/01/2024 7:00,5.9
27/01/2024 8:00,6.03
27/01/2024 9:00,7.44
27/01/2024 10:00,11.42
27/01/2024 11:00,10.42
27/01/2024 12:00,9.5
27/01/2024 13:00,6
27/01/2024 14:00,5.58
27/01/2024 15:00,5.39
27/01/2024 16:00,6.28
27/01/2024 17:00,7.83
27/01/2024 18:00,10.21
27/01/2024 19:00,10.65
27/01/2024 20:00,10.58
27/01/2024 21:00,9.91
27/01/2024 22:00,8.5
27/01/2024 23:00,7.94
28/01/2024 0:00,7.6
28/01/2024 1:00,7.27
28/01/2024 2:00,6.68
28/01/2024 3:00,6.06
28/01/2024 4:00,5.89
28/01/2024 5:00,5.85
28/01/2024 6:00,5.95
28/01/2024 7:00,6.18
28/01/2024 8:00,5.9
28/01/2024 9:00,6.78
28/01/2024 10:00,6.88
28/01/2024 11:00,6.68
28/01/2024 12:00,6.46
28/01/2024 13:00,5
28/01/2024 14:00,5
28/01/2024 15:00,4.72
28/01/2024 16:00,6.71
28/01/2024 17:00,7.73
28/01/2024 18:00,8.83
28/01/2024 19:00,9.84
28/01/2024 20:00,9.23
28/01/2024 21:00,8.94
28/01/2024 22:00,8.67
28/01/2024 23:00,7.66
29/01/2024 0:00,6.98
29/01/2024 1:00,5.6
29/01/2024 2:00,5
29/01/2024 3:00,4.73
29/01/2024 4:00,4.81
29/01/2024 5:00,4.8
29/01/2024 6:00,5.16
29/01/2024 7:00,6.01
29/01/2024 8:00,9.68
29/01/2024 9:00,10.31
29/01/2024 10:00,10.68
29/01/2024 11:00,8.84
29/01/2024 12:00,7.89
29/01/2024 13:00,7.13
29/01/2024 14:00,7.02
29/01/2024 15:00,8.65
29/01/2024 16:00,9.6
29/01/2024 17:00,10.05
29/01/2024 18:00,10.98
29/01/2024 19:00,12.63
29/01/2024 20:00,12.07
29/01/2024 21:00,10.75
29/01/2024 22:00,9.17
29/01/2024 23:00,8.61
30/01/2024 0:00,8.33
30/01/2024 1:00,8.03
30/01/2024 2:00,7.19
30/01/2024 3:00,6.88
30/01/2024 4:00,6.94
30/01/2024 5:00,6.72
30/01/2024 6:00,6.68
30/01/2024 7:00,6.94
30/01/2024 8:00,9.6
30/01/2024 9:00,10.76
30/01/2024 10:00,9.62
30/01/2024 11:00,8.49
30/01/2024 12:00,7.72
30/01/2024 13:00,7.01
30/01/2024 14:00,6.81
30/01/2024 15:00,6.82
30/01/2024 16:00,7.19
30/01/2024 17:00,9.62
30/01/2024 18:00,10.86
30/01/2024 19:00,12.2
30/01/2024 20:00,12.2
30/01/2024 21:00,11.81
30/01/2024 22:00,10.81
30/01/2024 23:00,10.02
31/01/2024 0:00,8.45
31/01/2024 1:00,7.25
31/01/2024 2:00,7.51
31/01/2024 3:00,8.56
31/01/2024 4:00,7.09
31/01/2024 5:00,6.98
31/01/2024 6:00,8
31/01/2024 7:00,9.51
31/01/2024 8:00,10.34
31/01/2024 9:00,12.2
31/01/2024 10:00,12.54
31/01/2024 11:00,9.36
31/01/2024 12:00,8.3
31/01/2024 13:00,7.71
31/01/2024 14:00,7.49
31/01/2024 15:00,7.24
31/01/2024 16:00,8.22
31/01/2024 17:00,9.7
31/01/2024 18:00,12.2
31/01/2024 19:00,12.2
31/01/2024 20:00,12.27
31/01/2024 21:00,12.2
31/01/2024 22:00,12.2
31/01/2024 23:00,10.14
01/02/2024 0:00,10.16
01/02/2024 1:00,8.9
01/02/2024 2:00,8.92
01/02/2024 3:00,8.59
01/02/2024 4:00,8
01/02/2024 5:00,7.31
01/02/2024 6:00,8.38
01/02/2024 7:00,9.96
01/02/2024 8:00,10.74
01/02/2024 9:00,12.2
01/02/2024 10:00,10.3
01/02/2024 11:00,8.87
01/02/2024 12:00,8.69
01/02/2024 13:00,8.13
01/02/2024 14:00,7.83
01/02/2024 15:00,8
01/02/2024 16:00,8.41
01/02/2024 17:00,9.64
01/02/2024 18:00,10.26
01/02/2024 19:00,12.2
01/02/2024 20:00,13.1
01/02/2024 21:00,12.2
01/02/2024 22:00,11.07
01/02/2024 23:00,10.8
02/02/2024 0:00,9.95
02/02/2024 1:00,9.47
02/02/2024 2:00,9.04
02/02/2024 3:00,6.81
02/02/2024 4:00,5.8
02/02/2024 5:00,5.47
02/02/2024 6:00,5.6
02/02/2024 7:00,7.44
02/02/2024 8:00,10.04
02/02/2024 9:00,12.07
02/02/2024 10:00,11.11
02/02/2024 11:00,9.63
02/02/2024 12:00,8.16
02/02/2024 13:00,7.64
02/02/2024 14:00,7.06
02/02/2024 15:00,7
02/02/2024 16:00,7.71
02/02/2024 17:00,9.05
02/02/2024 18:00,10.86
02/02/2024 19:00,11.86
02/02/2024 20:00,12.15
02/02/2024 21:00,11.27
02/02/2024 22:00,10.9
02/02/2024 23:00,9.55
03/02/2024 0:00,8.99
03/02/2024 1:00,7.65
03/02/2024 2:00,9.11
03/02/2024 3:00,8.83
03/02/2024 4:00,8.3
03/02/2024 5:00,7.65
03/02/2024 6:00,7.65
03/02/2024 7:00,7.87
03/02/2024 8:00,7.6
03/02/2024 9:00,8.66
03/02/2024 10:00,6.79
03/02/2024 11:00,6.07
03/02/2024 12:00,5.29
03/02/2024 13:00,4.52
03/02/2024 14:00,4.16
03/02/2024 15:00,4.07
03/02/2024 16:00,4.42
03/02/2024 17:00,7.4
03/02/2024 18:00,9.05
03/02/2024 19:00,10.66
03/02/2024 20:00,11.2
03/02/2024 21:00,9.71
03/02/2024 22:00,9.11
03/02/2024 23:00,9.05
04/02/2024 0:00,6.17
04/02/2024 1:00,5.04
04/02/2024 2:00,3.83
04/02/2024 3:00,2.41
04/02/2024 4:00,2.8
04/02/2024 5:00,1.24
04/02/2024 6:00,1.03
04/02/2024 7:00,2.9
04/02/2024 8:00,3.66
04/02/2024 9:00,8.62
04/02/2024 10:00,4.1
04/02/2024 11:00,3.87
04/02/2024 12:00,2.97
04/02/2024 13:00,2.57
04/02/2024 14:00,1.94
04/02/2024 15:00,1.37
04/02/2024 16:00,2.98
04/02/2024 17:00,8.5
04/02/2024 18:00,8.52
04/02/2024 19:00,9.5
04/02/2024 20:00,10.35
04/02/2024 21:00,8.8
04/02/2024 22:00,9.05
04/02/2024 23:00,6.44
05/02/2024 0:00,5.59
05/02/2024 1:00,4.48
05/02/2024 2:00,3.1
05/02/2024 3:00,3.11
05/02/2024 4:00,1.85
05/02/2024 5:00,0.96
05/02/2024 6:00,0.77
05/02/2024 7:00,5.2
05/02/2024 8:00,10
05/02/2024 9:00,11
05/02/2024 10:00,9.29
05/02/2024 11:00,7.6
05/02/2024 12:00,5.83
05/02/2024 13:00,4.7
05/02/2024 14:00,3.64
05/02/2024 15:00,3.17
05/02/2024 16:00,5.91
05/02/2024 17:00,7.46
05/02/2024 18:00,8.33
05/02/2024 19:00,9.81
05/02/2024 20:00,9.22
05/02/2024 21:00,8.73
05/02/2024 22:00,8.27
05/02/2024 23:00,7.52
06/02/2024 0:00,6.72
06/02/2024 1:00,5.71
06/02/2024 2:00,4.95
06/02/2024 3:00,4.78
06/02/2024 4:00,4.64
06/02/2024 5:00,4.39
06/02/2024 6:00,4.35
06/02/2024 7:00,5.29
06/02/2024 8:00,8.39
06/02/2024 9:00,9.23
06/02/2024 10:00,8.38
06/02/2024 11:00,7.14
06/02/2024 12:00,6.07
06/02/2024 13:00,4.77
06/02/2024 14:00,4.5
06/02/2024 15:00,4.37
06/02/2024 16:00,5.74
06/02/2024 17:00,7.06
06/02/2024 18:00,7.58
06/02/2024 19:00,9.25
06/02/2024 20:00,9.85
06/02/2024 21:00,8.88
06/02/2024 22:00,8.58
06/02/2024 23:00,7.56
07/02/2024 0:00,6.05
07/02/2024 1:00,5.38
07/02/2024 2:00,4.77
07/02/2024 3:00,4.41
07/02/2024 4:00,4.29
07/02/2024 5:00,4.81
07/02/2024 6:00,5.26
07/02/2024 7:00,7.24
07/02/2024 8:00,10
07/02/2024 9:00,9.33
07/02/2024 10:00,8.64
07/02/2024 11:00,8.39
07/02/2024 12:00,7.93
07/02/2024 13:00,7.63
07/02/2024 14:00,7.45
07/02/2024 15:00,7.65
07/02/2024 16:00,7.63
07/02/2024 17:00,8.48
07/02/2024 18:00,9.31
07/02/2024 19:00,11.3
07/02/2024 20:00,12.96
07/02/2024 21:00,10.76
07/02/2024 22:00,9.74
07/02/2024 23:00,8.94
08/02/2024 0:00,8.46
08/02/2024 1:00,7.78
08/02/2024 2:00,7.37
08/02/2024 3:00,7.32
08/02/2024 4:00,7.22
08/02/2024 5:00,7.11
08/02/2024 6:00,7.15
08/02/2024 7:00,7.77
08/02/2024 8:00,9.61
08/02/2024 9:00,10.83
08/02/2024 10:00,12.59
08/02/2024 11:00,10.69
08/02/2024 12:00,9.18
08/02/2024 13:00,7.65
08/02/2024 14:00,8.04
08/02/2024 15:00,7.16
08/02/2024 16:00,9.04
08/02/2024 17:00,9.54
08/02/2024 18:00,10.31
08/02/2024 19:00,11.2
08/02/2024 20:00,10.66
08/02/2024 21:00,10.41
08/02/2024 22:00,9.85
08/02/2024 23:00,9.1
09/02/2024 0:00,8.38
09/02/2024 1:00,7.43
09/02/2024 2:00,6.61
09/02/2024 3:00,6.46
09/02/2024 4:00,6.27
09/02/2024 5:00,6.15
09/02/2024 6:00,6.15
09/02/2024 7:00,6.57
09/02/2024 8:00,7.95
09/02/2024 9:00,9.04
09/02/2024 10:00,8.99
09/02/2024 11:00,8.5
09/02/2024 12:00,6.6
09/02/2024 13:00,3.09
09/02/2024 14:00,1.74
09/02/2024 15:00,4.87
09/02/2024 16:00,8.09
09/02/2024 17:00,8.53
09/02/2024 18:00,8.87
09/02/2024 19:00,9.36
09/02/2024 20:00,9.51
09/02/2024 21:00,9.04
09/02/2024 22:00,8.76
09/02/2024 23:00,7.69
10/02/2024 0:00,7.49
10/02/2024 1:00,7.09
10/02/2024 2:00,6.31
10/02/2024 3:00,6.41
10/02/2024 4:00,6.44
10/02/2024 5:00,6.44
10/02/2024 6:00,6.44
10/02/2024 7:00,6.58
10/02/2024 8:00,7.09
10/02/2024 9:00,7.49
10/02/2024 10:00,7.77
10/02/2024 11:00,8.04
10/02/2024 12:00,7.47
10/02/2024 13:00,6.95
10/02/2024 14:00,6.47
10/02/2024 15:00,6.67
10/02/2024 16:00,6.95
10/02/2024 17:00,7.72
10/02/2024 18:00,8.53
10/02/2024 19:00,8.84
10/02/2024 20:00,8.85
10/02/2024 21:00,8.12
10/02/2024 22:00,7.44
10/02/2024 23:00,6.79
11/02/2024 0:00,6.62
11/02/2024 1:00,6.35
11/02/2024 2:00,5.56
11/02/2024 3:00,5.38
11/02/2024 4:00,5.26
11/02/2024 5:00,4.68
11/02/2024 6:00,4.34
11/02/2024 7:00,4.61
11/02/2024 8:00,4.92
11/02/2024 9:00,3.41
11/02/2024 10:00,1.5
11/02/2024 11:00,5.14
11/02/2024 12:00,4.1
11/02/2024 13:00,2
11/02/2024 14:00,1.01
11/02/2024 15:00,1.01
11/02/2024 16:00,2
11/02/2024 17:00,6.29
11/02/2024 18:00,6.76
11/02/2024 19:00,7.63
11/02/2024 20:00,8.22
11/02/2024 21:00,8.08
11/02/2024 22:00,7.68
11/02/2024 23:00,7.07
12/02/2024 0:00,6.84
12/02/2024 1:00,6.4
12/02/2024 2:00,6.44
12/02/2024 3:00,5.76
12/02/2024 4:00,5.59
12/02/2024 5:00,5.46
12/02/2024 6:00,5.92
12/02/2024 7:00,6.5
12/02/2024 8:00,7.6
12/02/2024 9:00,8.54
12/02/2024 10:00,10.04
12/02/2024 11:00,9.65
12/02/2024 12:00,8.55
12/02/2024 13:00,4.44
12/02/2024 14:00,4.28
12/02/2024 15:00,7.21
12/02/2024 16:00,7.65
12/02/2024 17:00,8.1
12/02/2024 18:00,8.45
12/02/2024 19:00,9.11
12/02/2024 20:00,9.6
12/02/2024 21:00,8.91
12/02/2024 22:00,7.92
12/02/2024 23:00,7.15
13/02/2024 0:00,6.59
13/02/2024 1:00,6.19
13/02/2024 2:00,6.86
13/02/2024 3:00,6.54
13/02/2024 4:00,6.34
13/02/2024 5:00,6.05
13/02/2024 6:00,6.01
13/02/2024 7:00,6.36
13/02/2024 8:00,7.13
13/02/2024 9:00,8.98
13/02/2024 10:00,8.93
13/02/2024 11:00,7.51
13/02/2024 12:00,6.92
13/02/2024 13:00,6.39
13/02/2024 14:00,6.05
13/02/2024 15:00,6.03
13/02/2024 16:00,6.31
13/02/2024 17:00,7.07
13/02/2024 18:00,9.33
13/02/2024 19:00,10.25
13/02/2024 20:00,10.63
13/02/2024 21:00,9.81
13/02/2024 22:00,9.4
13/02/2024 23:00,8.87
14/02/2024 0:00,7.86
14/02/2024 1:00,5.69
14/02/2024 2:00,6.06
14/02/2024 3:00,5.93
14/02/2024 4:00,5.58
14/02/2024 5:00,5.48
14/02/2024 6:00,5.51
14/02/2024 7:00,6.88
14/02/2024 8:00,8.6
14/02/2024 9:00,9.14
14/02/2024 10:00,8.99
14/02/2024 11:00,6.97
14/02/2024 12:00,6.39
14/02/2024 13:00,6.33
14/02/2024 14:00,6.2
14/02/2024 15:00,6.13
14/02/2024 16:00,6.72
14/02/2024 17:00,7.38
14/02/2024 18:00,8.82
14/02/2024 19:00,9.53
14/02/2024 20:00,9.73
14/02/2024 21:00,9.35
14/02/2024 22:00,8.53
14/02/2024 23:00,7.62
15/02/2024 0:00,6.82
15/02/2024 1:00,6.38
15/02/2024 2:00,2.01
15/02/2024 3:00,2.16
15/02/2024 4:00,2.23
15/02/2024 5:00,2.97
15/02/2024 6:00,3.1
15/02/2024 7:00,5.15
15/02/2024 8:00,7.97
15/02/2024 9:00,8.42
15/02/2024 10:00,7.81
15/02/2024 11:00,3.89
15/02/2024 12:00,1.01
15/02/2024 13:00,1.01
15/02/2024 14:00,1.01
15/02/2024 15:00,1.5
15/02/2024 16:00,6.03
15/02/2024 17:00,7.62
15/02/2024 18:00,8.9
15/02/2024 19:00,9.45
15/02/2024 20:00,9.53
15/02/2024 21:00,8.99
15/02/2024 22:00,8.27
15/02/2024 23:00,7.74
16/02/2024 0:00,6.98
16/02/2024 1:00,6.35
16/02/2024 2:00,5.18
16/02/2024 3:00,5.11
16/02/2024 4:00,4.99
16/02/2024 5:00,4.86
16/02/2024 6:00,5.04
16/02/2024 7:00,5.27
16/02/2024 8:00,7.67
16/02/2024 9:00,7.82
16/02/2024 10:00,7.05
16/02/2024 11:00,6.48
16/02/2024 12:00,5.44
16/02/2024 13:00,4.23
16/02/2024 14:00,5.24
16/02/2024 15:00,5.24
16/02/2024 16:00,5.38
16/02/2024 17:00,6.27
16/02/2024 18:00,7.6
16/02/2024 19:00,9.89
16/02/2024 20:00,9.12
16/02/2024 21:00,8.51
16/02/2024 22:00,8
16/02/2024 23:00,7.78
17/02/2024 0:00,7.28
17/02/2024 1:00,6.29
17/02/2024 2:00,6.42
17/02/2024 3:00,6.03
17/02/2024 4:00,5.95
17/02/2024 5:00,5.55
17/02/2024 6:00,5.51
17/02/2024 7:00,6
17/02/2024 8:00,5.88
17/02/2024 9:00,6.03
17/02/2024 10:00,5.53
17/02/2024 11:00,5.66
17/02/2024 12:00,2.93
17/02/2024 13:00,2.98
17/02/2024 14:00,3.16
17/02/2024 15:00,4.19
17/02/2024 16:00,5.58
17/02/2024 17:00,6.7
17/02/2024 18:00,7.59
17/02/2024 19:00,8.81
17/02/2024 20:00,11.34
17/02/2024 21:00,8.95
17/02/2024 22:00,8.04
17/02/2024 23:00,7.43
18/02/2024 0:00,7.2
18/02/2024 1:00,6.91
18/02/2024 2:00,6.21
18/02/2024 3:00,5.48
18/02/2024 4:00,5.14
18/02/2024 5:00,5.02
18/02/2024 6:00,5
18/02/2024 7:00,4.85
18/02/2024 8:00,4.6
18/02/2024 9:00,4.9
18/02/2024 10:00,4.73
18/02/2024 11:00,4.3
18/02/2024 12:00,4.05
18/02/2024 13:00,4.1
18/02/2024 14:00,4
18/02/2024 15:00,3.97
18/02/2024 16:00,4.27
18/02/2024 17:00,5.26
18/02/2024 18:00,6.01
18/02/2024 19:00,6.9
18/02/2024 20:00,7.18
18/02/2024 21:00,7.02
18/02/2024 22:00,6.47
18/02/2024 23:00,5.98
19/02/2024 0:00,5.73
19/02/2024 1:00,5.39
19/02/2024 2:00,4.4
19/02/2024 3:00,4.46
19/02/2024 4:00,4.48
19/02/2024 5:00,4.39
19/02/2024 6:00,4.49
19/02/2024 7:00,5.16
19/02/2024 8:00,9.1
19/02/2024 9:00,9.08
19/02/2024 10:00,8.6
19/02/2024 11:00,7.67
19/02/2024 12:00,7.46
19/02/2024 13:00,7.52
19/02/2024 14:00,7.35
19/02/2024 15:00,7.48
19/02/2024 16:00,7.42
19/02/2024 17:00,8.64
19/02/2024 18:00,8.55
19/02/2024 19:00,10.5
19/02/2024 20:00,11.65
19/02/2024 21:00,9.04
19/02/2024 22:00,8.48
19/02/2024 23:00,6.87
20/02/2024 0:00,6.63
20/02/2024 1:00,5.91
20/02/2024 2:00,5.81
20/02/2024 3:00,5.43
20/02/2024 4:00,5.4
20/02/2024 5:00,5.36
20/02/2024 6:00,5.8
20/02/2024 7:00,7.86
20/02/2024 8:00,8.9
20/02/2024 9:00,9.73
20/02/2024 10:00,11.06
20/02/2024 11:00,8.53
20/02/2024 12:00,7.55
20/02/2024 13:00,7.86
20/02/2024 14:00,7.25
20/02/2024 15:00,7.09
20/02/2024 16:00,7.92
20/02/2024 17:00,8.65
20/02/2024 18:00,9.04
20/02/2024 19:00,9.95
20/02/2024 20:00,11.05
20/02/2024 21:00,9.04
20/02/2024 22:00,8.02
20/02/2024 23:00,8.63
21/02/2024 0:00,6.91
21/02/2024 1:00,8.01
21/02/2024 2:00,7.5
21/02/2024 3:00,6.68
21/02/2024 4:00,6
21/02/2024 5:00,6.08
21/02/2024 6:00,7.09
21/02/2024 7:00,8.14
21/02/2024 8:00,9
21/02/2024 9:00,10
21/02/2024 10:00,9.04
21/02/2024 11:00,6.97
21/02/2024 12:00,6.41
21/02/2024 13:00,6.04
21/02/2024 14:00,5.3
21/02/2024 15:00,5.41
21/02/2024 16:00,7.18
21/02/2024 17:00,8.61
21/02/2024 18:00,8.96
21/02/2024 19:00,10.86
21/02/2024 20:00,12.2
21/02/2024 21:00,11.63
21/02/2024 22:00,9.8
21/02/2024 23:00,9
22/02/2024 0:00,6.59
22/02/2024 1:00,8.68
22/02/2024 2:00,8.84
22/02/2024 3:00,7.8
22/02/2024 4:00,7.03
22/02/2024 5:00,7.03
22/02/2024 6:00,7.32
22/02/2024 7:00,11.8
22/02/2024 8:00,9.41
22/02/2024 9:00,9.84
22/02/2024 10:00,8.03
22/02/2024 11:00,7.2
22/02/2024 12:00,6.87
22/02/2024 13:00,6.64
22/02/2024 14:00,6.57
22/02/2024 15:00,6.58
22/02/2024 16:00,6.7
22/02/2024 17:00,6.96
22/02/2024 18:00,7.6
22/02/2024 19:00,9.04
22/02/2024 20:00,8.85
22/02/2024 21:00,7.03
22/02/2024 22:00,5.13
22/02/2024 23:00,4.16
23/02/2024 0:00,2.04
23/02/2024 1:00,1.01
23/02/2024 2:00,1.13
23/02/2024 3:00,1.9
23/02/2024 4:00,1.27
23/02/2024 5:00,1.01
23/02/2024 6:00,1.61
23/02/2024 7:00,5.11
23/02/2024 8:00,7.11
23/02/2024 9:00,7.9
23/02/2024 10:00,7.62
23/02/2024 11:00,7.17
23/02/2024 12:00,6.17
23/02/2024 13:00,5.87
23/02/2024 14:00,5.76
23/02/2024 15:00,5.63
23/02/2024 16:00,6.45
23/02/2024 17:00,6.79
23/02/2024 18:00,7.4
23/02/2024 19:00,7.98
23/02/2024 20:00,8.64
23/02/2024 21:00,8.4
23/02/2024 22:00,7.3
23/02/2024 23:00,6.93
24/02/2024 0:00,6.8
24/02/2024 1:00,6.51
24/02/2024 2:00,6.65
24/02/2024 3:00,6.39
24/02/2024 4:00,5.95
24/02/2024 5:00,5.52
24/02/2024 6:00,5.54
24/02/2024 7:00,5.71
24/02/2024 8:00,6.17
24/02/2024 9:00,6.61
24/02/2024 10:00,6.44
24/02/2024 11:00,5.76
24/02/2024 12:00,3.49
24/02/2024 13:00,3.08
24/02/2024 14:00,3.52
24/02/2024 15:00,3.22
24/02/2024 16:00,3.76
24/02/2024 17:00,4.5
24/02/2024 18:00,5.86
24/02/2024 19:00,7.07
24/02/2024 20:00,7.85
24/02/2024 21:00,7.41
24/02/2024 22:00,6.52
24/02/2024 23:00,5.99
25/02/2024 0:00,5.67
25/02/2024 1:00,5.29
25/02/2024 2:00,5.66
25/02/2024 3:00,5.54
25/02/2024 4:00,5.54
25/02/2024 5:00,5.49
25/02/2024 6:00,5.52
25/02/2024 7:00,5.51
25/02/2024 8:00,5.68
25/02/2024 9:00,5.99
25/02/2024 10:00,6.22
25/02/2024 11:00,6.22
25/02/2024 12:00,5.63
25/02/2024 13:00,5.41
25/02/2024 14:00,5
25/02/2024 15:00,4.6
25/02/2024 16:00,4.98
25/02/2024 17:00,5.5
25/02/2024 18:00,6.69
25/02/2024 19:00,7.91
25/02/2024 20:00,9.05
25/02/2024 21:00,7.89
25/02/2024 22:00,6.99
25/02/2024 23:00,6.58
26/02/2024 0:00,6.52
26/02/2024 1:00,5.84
26/02/2024 2:00,5.78
26/02/2024 3:00,5.68
26/02/2024 4:00,5.37
26/02/2024 5:00,5.18
26/02/2024 6:00,5.32
26/02/2024 7:00,5.79
26/02/2024 8:00,6.93
26/02/2024 9:00,7.92
26/02/2024 10:00,8.16
26/02/2024 11:00,7.38
26/02/2024 12:00,6.67
26/02/2024 13:00,6.5
26/02/2024 14:00,5.84
26/02/2024 15:00,5.82
26/02/2024 16:00,6.13
26/02/2024 17:00,6.5
26/02/2024 18:00,6.99
26/02/2024 19:00,7.73
26/02/2024 20:00,8.75
26/02/2024 21:00,8.73
26/02/2024 22:00,8.26
26/02/2024 23:00,7.09
27/02/2024 0:00,6.52
27/02/2024 1:00,6.08
27/02/2024 2:00,5.76
27/02/2024 3:00,5.76
27/02/2024 4:00,5.74
27/02/2024 5:00,5.69
27/02/2024 6:00,5.74
27/02/2024 7:00,6.49
27/02/2024 8:00,8.09
27/02/2024 9:00,9.31
27/02/2024 10:00,9.53
27/02/2024 11:00,8.08
27/02/2024 12:00,6.87
27/02/2024 13:00,6.47
27/02/2024 14:00,5.9
27/02/2024 15:00,5.9
27/02/2024 16:00,6.41
27/02/2024 17:00,7.06
27/02/2024 18:00,7.71
27/02/2024 19:00,9.94
27/02/2024 20:00,11.11
27/02/2024 21:00,10.52
27/02/2024 22:00,8.99
27/02/2024 23:00,8.35
28/02/2024 0:00,7.24
28/02/2024 1:00,6.5
28/02/2024 2:00,6.04
28/02/2024 3:00,5.94
28/02/2024 4:00,6.13
28/02/2024 5:00,6.35
28/02/2024 6:00,6.63
28/02/2024 7:00,7.05
28/02/2024 8:00,8.46
28/02/2024 9:00,9.66
28/02/2024 10:00,10.45
28/02/2024 11:00,8.55
28/02/2024 12:00,7.4
28/02/2024 13:00,6.76
28/02/2024 14:00,6.39
28/02/2024 15:00,6.55
28/02/2024 16:00,6.64
28/02/2024 17:00,7.62
28/02/2024 18:00,8.33
28/02/2024 19:00,9.27
28/02/2024 20:00,9.8
28/02/2024 21:00,9.13
28/02/2024 22:00,8.49
28/02/2024 23:00,8.16
29/02/2024 0:00,7.37
29/02/2024 1:00,6.22
29/02/2024 2:00,6.34
29/02/2024 3:00,6.21
29/02/2024 4:00,6
29/02/2024 5:00,5.86
29/02/2024 6:00,5.92
29/02/2024 7:00,7.22
29/02/2024 8:00,8.03
29/02/2024 9:00,8.7
29/02/2024 10:00,8.39
29/02/2024 11:00,7.34
29/02/2024 12:00,6.18
29/02/2024 13:00,5.67
29/02/2024 14:00,5.46
29/02/2024 15:00,5.62
29/02/2024 16:00,6.24
29/02/2024 17:00,6.84
29/02/2024 18:00,7.88
29/02/2024 19:00,8.43
29/02/2024 20:00,8.63
29/02/2024 21:00,8.1
29/02/2024 22:00,7.28
29/02/2024 23:00,6.73
01/03/2024 0:00,6.49
01/03/2024 1:00,6.09
01/03/2024 2:00,6.2
01/03/2024 3:00,6.14
01/03/2024 4:00,5.81
01/03/2024 5:00,5.78
01/03/2024 6:00,5.83
01/03/2024 7:00,6.25
01/03/2024 8:00,7.16
01/03/2024 9:00,7.94
01/03/2024 10:00,8.52
01/03/2024 11:00,7.6
01/03/2024 12:00,6.68
01/03/2024 13:00,6.59
01/03/2024 14:00,6.44
01/03/2024 15:00,6.38
01/03/2024 16:00,6.7
01/03/2024 17:00,7.07
01/03/2024 18:00,7.56
01/03/2024 19:00,8.8
01/03/2024 20:00,9.24
01/03/2024 21:00,8.72
01/03/2024 22:00,7.75
01/03/2024 23:00,7.16
02/03/2024 0:00,7.01
02/03/2024 1:00,6.64
02/03/2024 2:00,6
02/03/2024 3:00,5.6
02/03/2024 4:00,5.6
02/03/2024 5:00,5.55
02/03/2024 6:00,5.49
02/03/2024 7:00,5.6
02/03/2024 8:00,5.66
02/03/2024 9:00,6.07
02/03/2024 10:00,6.38
02/03/2024 11:00,6.58
02/03/2024 12:00,6.04
02/03/2024 13:00,5.97
02/03/2024 14:00,5.62
02/03/2024 15:00,5.49
02/03/2024 16:00,5.99
02/03/2024 17:00,6.61
02/03/2024 18:00,7.3
02/03/2024 19:00,8.26
02/03/2024 20:00,9.36
02/03/2024 21:00,8.99
02/03/2024 22:00,7.7
02/03/2024 23:00,7.03
03/03/2024 0:00,6.45
03/03/2024 1:00,5.88
03/03/2024 2:00,5.57
03/03/2024 3:00,5.55
03/03/2024 4:00,5.55
03/03/2024 5:00,5.59
03/03/2024 6:00,5.53
03/03/2024 7:00,5.64
03/03/2024 8:00,5.72
03/03/2024 9:00,5.85
03/03/2024 10:00,5.69
03/03/2024 11:00,5.62
03/03/2024 12:00,5.44
03/03/2024 13:00,5.19
03/03/2024 14:00,4.83
03/03/2024 15:00,4.25
03/03/2024 16:00,4.68
03/03/2024 17:00,5.43
03/03/2024 18:00,6.03
03/03/2024 19:00,8.05
03/03/2024 20:00,9.24
03/03/2024 21:00,8.7
03/03/2024 22:00,8.18
03/03/2024 23:00,7.5
04/03/2024 0:00,7.22
04/03/2024 1:00,7.24
04/03/2024 2:00,6.91
04/03/2024 3:00,6.79
04/03/2024 4:00,6.74
04/03/2024 5:00,6.62
04/03/2024 6:00,6.56
04/03/2024 7:00,7.08
04/03/2024 8:00,8.12
04/03/2024 9:00,9.67
04/03/2024 10:00,10.3
04/03/2024 11:00,8.5
04/03/2024 12:00,5.87
04/03/2024 13:00,5.63
04/03/2024 14:00,5.76
04/03/2024 15:00,5.98
04/03/2024 16:00,6.25
04/03/2024 17:00,6.99
04/03/2024 18:00,7.81
04/03/2024 19:00,9.17
04/03/2024 20:00,10.52
04/03/2024 21:00,9.91
04/03/2024 22:00,8.05
04/03/2024 23:00,7.14
05/03/2024 0:00,6.46
05/03/2024 1:00,6.39
05/03/2024 2:00,6.2
05/03/2024 3:00,6.17
05/03/2024 4:00,6.13
05/03/2024 5:00,5.99
05/03/2024 6:00,6.06
05/03/2024 7:00,6.17
05/03/2024 8:00,7.15
05/03/2024 9:00,7.93
05/03/2024 10:00,8.3
05/03/2024 11:00,7.7
05/03/2024 12:00,7.12
05/03/2024 13:00,6.97
05/03/2024 14:00,6.8
05/03/2024 15:00,6.86
05/03/2024 16:00,7.2
05/03/2024 17:00,7.55
05/03/2024 18:00,7.75
05/03/2024 19:00,9.31
05/03/2024 20:00,10.73
05/03/2024 21:00,11.54
05/03/2024 22:00,9.53
05/03/2024 23:00,8.42
06/03/2024 0:00,7.79
06/03/2024 1:00,7.2
06/03/2024 2:00,7.1
06/03/2024 3:00,7.07
06/03/2024 4:00,7.05
06/03/2024 5:00,6.97
06/03/2024 6:00,7.05
06/03/2024 7:00,7.39
06/03/2024 8:00,8.4
06/03/2024 9:00,10.66
06/03/2024 10:00,10.87
06/03/2024 11:00,8.72
06/03/2024 12:00,7
06/03/2024 13:00,6.7
06/03/2024 14:00,6.92
06/03/2024 15:00,6.93
06/03/2024 16:00,7.06
06/03/2024 17:00,7.37
06/03/2024 18:00,8.19
06/03/2024 19:00,10.1
06/03/2024 20:00,12.2
06/03/2024 21:00,12.25
06/03/2024 22:00,10
06/03/2024 23:00,8.05
07/03/2024 0:00,7.8
07/03/2024 1:00,7.43
07/03/2024 2:00,7.33
07/03/2024 3:00,7.23
07/03/2024 4:00,7.03
07/03/2024 5:00,6.87
07/03/2024 6:00,6.99
07/03/2024 7:00,7.31
07/03/2024 8:00,8.43
07/03/2024 9:00,10.32
07/03/2024 10:00,9.67
07/03/2024 11:00,7.91
07/03/2024 12:00,7.13
07/03/2024 13:00,6.62
07/03/2024 14:00,7.43
07/03/2024 15:00,7.57
07/03/2024 16:00,7.57
07/03/2024 17:00,8.02
07/03/2024 18:00,8.08
07/03/2024 19:00,9.5
07/03/2024 20:00,12.2
07/03/2024 21:00,9.81
07/03/2024 22:00,9.19
07/03/2024 23:00,8.09
08/03/2024 0:00,7.63
08/03/2024 1:00,7.13
08/03/2024 2:00,7.15
08/03/2024 3:00,6.7
08/03/2024 4:00,6.7
08/03/2024 5:00,6.6
08/03/2024 6:00,7.03
08/03/2024 7:00,7.69
08/03/2024 8:00,8.99
08/03/2024 9:00,9.5
08/03/2024 10:00,8.89
08/03/2024 11:00,7.44
08/03/2024 12:00,5.79
08/03/2024 13:00,5.52
08/03/2024 14:00,6
08/03/2024 15:00,5.84
08/03/2024 16:00,6.15
08/03/2024 17:00,5.78
08/03/2024 18:00,7.85
08/03/2024 19:00,10.15
08/03/2024 20:00,12.24
08/03/2024 21:00,12.2
08/03/2024 22:00,11.31
08/03/2024 23:00,8.33
09/03/2024 0:00,8.06
09/03/2024 1:00,7.98
09/03/2024 2:00,6.66
09/03/2024 3:00,6.46
09/03/2024 4:00,6.37
09/03/2024 5:00,6.18
09/03/2024 6:00,6.04
09/03/2024 7:00,6.07
09/03/2024 8:00,6.18
09/03/2024 9:00,5.31
09/03/2024 10:00,5.31
09/03/2024 11:00,4.81
09/03/2024 12:00,3.37
09/03/2024 13:00,1.4
09/03/2024 14:00,0.99
09/03/2024 15:00,0.99
09/03/2024 16:00,1.66
09/03/2024 17:00,4.02
09/03/2024 18:00,5.7
09/03/2024 19:00,8.05
09/03/2024 20:00,11.5
09/03/2024 21:00,8.05
09/03/2024 22:00,6.89
09/03/2024 23:00,6.05
10/03/2024 0:00,6.15
10/03/2024 1:00,5.86
10/03/2024 2:00,4.87
10/03/2024 3:00,4.61
10/03/2024 4:00,4.1
10/03/2024 5:00,3.56
10/03/2024 6:00,3.24
10/03/2024 7:00,3.23
10/03/2024 8:00,3.39
10/03/2024 9:00,3.95
10/03/2024 10:00,3.76
10/03/2024 11:00,3.12
10/03/2024 12:00,0.99
10/03/2024 13:00,1.09
10/03/2024 14:00,0.51
10/03/2024 15:00,0.22
10/03/2024 16:00,0.84
10/03/2024 17:00,2.14
10/03/2024 18:00,5.09
10/03/2024 19:00,6.07
10/03/2024 20:00,7.13
10/03/2024 21:00,6.93
10/03/2024 22:00,6.31
10/03/2024 23:00,5.83
11/03/2024 0:00,5.71
11/03/2024 1:00,5.54
11/03/2024 2:00,4.75
11/03/2024 3:00,4.25
11/03/2024 4:00,4.68
11/03/2024 5:00,4.62
11/03/2024 6:00,4.9
11/03/2024 7:00,6.04
11/03/2024 8:00,8
11/03/2024 9:00,9.17
11/03/2024 10:00,8.67
11/03/2024 11:00,8.1
11/03/2024 12:00,7.19
11/03/2024 13:00,5.88
11/03/2024 14:00,6.04
11/03/2024 15:00,6.04
11/03/2024 16:00,6.7
11/03/2024 17:00,7.34
11/03/2024 18:00,7.87
11/03/2024 19:00,7.9
11/03/2024 20:00,10
11/03/2024 21:00,8.34
11/03/2024 22:00,7.73
11/03/2024 23:00,5.15
12/03/2024 0:00,6.04
12/03/2024 1:00,6.71
12/03/2024 2:00,5.68
12/03/2024 3:00,6.56
12/03/2024 4:00,6.65
12/03/2024 5:00,6.52
12/03/2024 6:00,6.6
12/03/2024 7:00,7.09
12/03/2024 8:00,7.66
12/03/2024 9:00,8.05
12/03/2024 10:00,8.02
12/03/2024 11:00,5.5
12/03/2024 12:00,0.99
12/03/2024 13:00,0.99
12/03/2024 14:00,1.77
12/03/2024 15:00,1.86
12/03/2024 16:00,6.58
12/03/2024 17:00,8.07
12/03/2024 18:00,9.37
12/03/2024 19:00,9.45
12/03/2024 20:00,12.2
12/03/2024 21:00,12.1
12/03/2024 22:00,9.52
12/03/2024 23:00,8.21
13/03/2024 0:00,7.8
13/03/2024 1:00,6.96
13/03/2024 2:00,6.31
13/03/2024 3:00,6.12
13/03/2024 4:00,6.06
13/03/2024 5:00,6
13/03/2024 6:00,6.22
13/03/2024 7:00,6.84
13/03/2024 8:00,8.34
13/03/2024 9:00,9.22
13/03/2024 10:00,9.43
13/03/2024 11:00,8.05
13/03/2024 12:00,7.05
13/03/2024 13:00,6.76
13/03/2024 14:00,6.77
13/03/2024 15:00,7
13/03/2024 16:00,7.5
13/03/2024 17:00,7.92
13/03/2024 18:00,8.61
13/03/2024 19:00,9.84
13/03/2024 20:00,10.48
13/03/2024 21:00,10.38
13/03/2024 22:00,8.99
13/03/2024 23:00,7.76
14/03/2024 0:00,6.99
14/03/2024 1:00,6.39
14/03/2024 2:00,6.33
14/03/2024 3:00,5.69
14/03/2024 4:00,5.75
14/03/2024 5:00,5.7
14/03/2024 6:00,6.18
14/03/2024 7:00,7.98
14/03/2024 8:00,8.57
14/03/2024 9:00,9.09
14/03/2024 10:00,8.2
14/03/2024 11:00,6.57
14/03/2024 12:00,5.43
14/03/2024 13:00,5.24
14/03/2024 14:00,5.31
14/03/2024 15:00,5.94
14/03/2024 16:00,6.08
14/03/2024 17:00,7.07
14/03/2024 18:00,8.24
14/03/2024 19:00,9.7
14/03/2024 20:00,11.48
14/03/2024 21:00,10.23
14/03/2024 22:00,8.86
14/03/2024 23:00,8.26
15/03/2024 0:00,7.02
15/03/2024 1:00,6.01
15/03/2024 2:00,4.82
15/03/2024 3:00,4.59
15/03/2024 4:00,4.49
15/03/2024 5:00,4.3
15/03/2024 6:00,4.47
15/03/2024 7:00,7.38
15/03/2024 8:00,7.81
15/03/2024 9:00,7.54
15/03/2024 10:00,7
15/03/2024 11:00,5.38
15/03/2024 12:00,4.63
15/03/2024 13:00,3.91
15/03/2024 14:00,3.82
15/03/2024 15:00,3.88
15/03/2024 16:00,4.22
15/03/2024 17:00,4.91
15/03/2024 18:00,7.02
15/03/2024 19:00,8.68
15/03/2024 20:00,10.21
15/03/2024 21:00,9.11
15/03/2024 22:00,8.05
15/03/2024 23:00,7.1
16/03/2024 0:00,6.89
16/03/2024 1:00,7.72
16/03/2024 2:00,7.79
16/03/2024 3:00,7.46
16/03/2024 4:00,7.15
16/03/2024 5:00,6.73
16/03/2024 6:00,6.86
16/03/2024 7:00,7.47
16/03/2024 8:00,5.79
16/03/2024 9:00,5.86
16/03/2024 10:00,5.32
16/03/2024 11:00,4.7
16/03/2024 12:00,4.49
16/03/2024 13:00,4.26
16/03/2024 14:00,3.83
16/03/2024 15:00,3.24
16/03/2024 16:00,3.76
16/03/2024 17:00,5
16/03/2024 18:00,7.43
16/03/2024 19:00,9.55
16/03/2024 20:00,11.75
16/03/2024 21:00,12.2
16/03/2024 22:00,8.35
16/03/2024 23:00,7.64
17/03/2024 0:00,7.24
17/03/2024 1:00,6.71
17/03/2024 2:00,6.5
17/03/2024 3:00,5.98
17/03/2024 4:00,5.58
17/03/2024 5:00,5.71
17/03/2024 6:00,5.82
17/03/2024 7:00,5.79
17/03/2024 8:00,5.95
17/03/2024 9:00,5.42
17/03/2024 10:00,4.87
17/03/2024 11:00,4.63
17/03/2024 12:00,3.92
17/03/2024 13:00,3.48
17/03/2024 14:00,3.77
17/03/2024 15:00,2.94
17/03/2024 16:00,4.5
17/03/2024 17:00,5.23
17/03/2024 18:00,6.78
17/03/2024 19:00,7.94
17/03/2024 20:00,8.91
17/03/2024 21:00,8.74
17/03/2024 22:00,7.79
17/03/2024 23:00,7.23
18/03/2024 0:00,7.21
18/03/2024 1:00,6.59
18/03/2024 2:00,6.41
18/03/2024 3:00,5.71
18/03/2024 4:00,5.83
18/03/2024 5:00,5.85
18/03/2024 6:00,6.27
18/03/2024 7:00,6.84
18/03/2024 8:00,8.36
18/03/2024 9:00,9.05
18/03/2024 10:00,9.45
18/03/2024 11:00,8.28
18/03/2024 12:00,4.85
18/03/2024 13:00,6.04
18/03/2024 14:00,5.79
18/03/2024 15:00,6.14
18/03/2024 16:00,7.51
18/03/2024 17:00,8.21
18/03/2024 18:00,9.36
18/03/2024 19:00,10.69
18/03/2024 20:00,13.8
18/03/2024 21:00,12.64
18/03/2024 22:00,10.91
18/03/2024 23:00,9.27
19/03/2024 0:00,8.51
19/03/2024 1:00,7.47
19/03/2024 2:00,7.4
19/03/2024 3:00,7.31
19/03/2024 4:00,7.08
19/03/2024 5:00,7.05
19/03/2024 6:00,7.25
19/03/2024 7:00,7.44
19/03/2024 8:00,9.49
19/03/2024 9:00,10.99
19/03/2024 10:00,9.59
19/03/2024 11:00,7.39
19/03/2024 12:00,6.39
19/03/2024 13:00,5.82
19/03/2024 14:00,6
19/03/2024 15:00,6.04
19/03/2024 16:00,6.68
19/03/2024 17:00,7.51
19/03/2024 18:00,8.63
19/03/2024 19:00,10.55
19/03/2024 20:00,12.7
19/03/2024 21:00,12.9
19/03/2024 22:00,11
19/03/2024 23:00,9.07
20/03/2024 0:00,8.23
20/03/2024 1:00,7.61
20/03/2024 2:00,7.6
20/03/2024 3:00,7.31
20/03/2024 4:00,7.39
20/03/2024 5:00,7.38
20/03/2024 6:00,5.9
20/03/2024 7:00,6.4
20/03/2024 8:00,6.3
20/03/2024 9:00,4.02
20/03/2024 10:00,1.5
20/03/2024 11:00,0.99
20/03/2024 12:00,0
20/03/2024 13:00,0
20/03/2024 14:00,0.99
20/03/2024 15:00,0.99
20/03/2024 16:00,3.28
20/03/2024 17:00,6.55
20/03/2024 18:00,8.61
20/03/2024 19:00,11.8
20/03/2024 20:00,16.09
20/03/2024 21:00,15.64
20/03/2024 22:00,12.54
20/03/2024 23:00,10.47
21/03/2024 0:00,9.32
21/03/2024 1:00,7.79
21/03/2024 2:00,7.51
21/03/2024 3:00,7.03
21/03/2024 4:00,6.94
21/03/2024 5:00,6.83
21/03/2024 6:00,6.83
21/03/2024 7:00,7.23
21/03/2024 8:00,9.1
21/03/2024 9:00,9.64
21/03/2024 10:00,9.9
21/03/2024 11:00,7.78
21/03/2024 12:00,3.03
21/03/2024 13:00,1.5
21/03/2024 14:00,1.5
21/03/2024 15:00,5.87
21/03/2024 16:00,6.38
21/03/2024 17:00,7.16
21/03/2024 18:00,7.95
21/03/2024 19:00,9.95
21/03/2024 20:00,12.19
21/03/2024 21:00,12.2
21/03/2024 22:00,9.69
21/03/2024 23:00,8.16
22/03/2024 0:00,7.59
22/03/2024 1:00,6.93
22/03/2024 2:00,5.51
22/03/2024 3:00,5.12
22/03/2024 4:00,4.86
22/03/2024 5:00,5.01
22/03/2024 6:00,5.05
22/03/2024 7:00,6.59
22/03/2024 8:00,8.38
22/03/2024 9:00,7.7
22/03/2024 10:00,6.21
22/03/2024 11:00,4.87
22/03/2024 12:00,4
22/03/2024 13:00,3.84
22/03/2024 14:00,4.7
22/03/2024 15:00,4.89
22/03/2024 16:00,4.99
22/03/2024 17:00,5.58
22/03/2024 18:00,7.23
22/03/2024 19:00,8.5
22/03/2024 20:00,11.43
22/03/2024 21:00,11.44
22/03/2024 22:00,9.03
22/03/2024 23:00,7.76
23/03/2024 0:00,7.51
23/03/2024 1:00,7.22
23/03/2024 2:00,7.3
23/03/2024 3:00,7.2
23/03/2024 4:00,7.36
23/03/2024 5:00,7.59
23/03/2024 6:00,7.45
23/03/2024 7:00,7.32
23/03/2024 8:00,6.27
23/03/2024 9:00,6.03
23/03/2024 10:00,3.67
23/03/2024 11:00,1.72
23/03/2024 12:00,0
23/03/2024 13:00,0
23/03/2024 14:00,0.38
23/03/2024 15:00,0.37
23/03/2024 16:00,0.59
23/03/2024 17:00,1.21
23/03/2024 18:00,3.6
23/03/2024 19:00,6.5
23/03/2024 20:00,8.04
23/03/2024 21:00,7.61
23/03/2024 22:00,6.5
23/03/2024 23:00,5.85
24/03/2024 0:00,3.95
24/03/2024 1:00,2.92
24/03/2024 2:00,3.73
24/03/2024 3:00,1.83
24/03/2024 4:00,2
24/03/2024 5:00,2.53
24/03/2024 6:00,2.74
24/03/2024 7:00,3.17
24/03/2024 8:00,2.2
24/03/2024 9:00,0.99
24/03/2024 10:00,0
24/03/2024 11:00,0
24/03/2024 12:00,0
24/03/2024 13:00,0
24/03/2024 14:00,0
24/03/2024 15:00,0
24/03/2024 16:00,0
24/03/2024 17:00,0
24/03/2024 18:00,4.61
24/03/2024 19:00,7.5
24/03/2024 20:00,8.5
24/03/2024 21:00,8.55
24/03/2024 22:00,7.67
24/03/2024 23:00,7.37
25/03/2024 0:00,7.01
25/03/2024 1:00,6.61
25/03/2024 2:00,6.25
25/03/2024 3:00,6.1
25/03/2024 4:00,6.09
25/03/2024 5:00,6.27
25/03/2024 6:00,6.46
25/03/2024 7:00,7.67
25/03/2024 8:00,9.02
25/03/2024 9:00,11.39
25/03/2024 10:00,9.97
25/03/2024 11:00,2.11
25/03/2024 12:00,0.99
25/03/2024 13:00,0.99
25/03/2024 14:00,0.99
25/03/2024 15:00,0.99
25/03/2024 16:00,0.99
25/03/2024 17:00,7.47
25/03/2024 18:00,8.62
25/03/2024 19:00,11.1
25/03/2024 20:00,16.5
25/03/2024 21:00,14.08
25/03/2024 22:00,11.41
25/03/2024 23:00,9.4
26/03/2024 0:00,8.64
26/03/2024 1:00,7.59
26/03/2024 2:00,5.84
26/03/2024 3:00,6.1
26/03/2024 4:00,6.45
26/03/2024 5:00,6.62
26/03/2024 6:00,7.11
26/03/2024 7:00,7.38
26/03/2024 8:00,7.76
26/03/2024 9:00,7.59
26/03/2024 10:00,5.5
26/03/2024 11:00,6.2
26/03/2024 12:00,4.95
26/03/2024 13:00,3.7
26/03/2024 14:00,1.23
26/03/2024 15:00,2.75
26/03/2024 16:00,3.71
26/03/2024 17:00,5.36
26/03/2024 18:00,6.8
26/03/2024 19:00,7.86
26/03/2024 20:00,10.06
26/03/2024 21:00,10.03
26/03/2024 22:00,7.96
26/03/2024 23:00,7.42
27/03/2024 0:00,6.69
27/03/2024 1:00,5.17
27/03/2024 2:00,5.84
27/03/2024 3:00,5.71
27/03/2024 4:00,5.73
27/03/2024 5:00,5.7
27/03/2024 6:00,5.89
27/03/2024 7:00,6.92
27/03/2024 8:00,8.01
27/03/2024 9:00,8.19
27/03/2024 10:00,7.5
27/03/2024 11:00,6.22
27/03/2024 12:00,5.2
27/03/2024 13:00,4.5
27/03/2024 14:00,4.3
27/03/2024 15:00,4.36
27/03/2024 16:00,4.67
27/03/2024 17:00,6.11
27/03/2024 18:00,7.47
27/03/2024 19:00,8.25
27/03/2024 20:00,11.06
27/03/2024 21:00,11.53
27/03/2024 22:00,9.52
27/03/2024 23:00,7.86
28/03/2024 0:00,7.45
28/03/2024 1:00,7.03
28/03/2024 2:00,4.95
28/03/2024 3:00,5.28
28/03/2024 4:00,5.84
28/03/2024 5:00,5.9
28/03/2024 6:00,6.12
28/03/2024 7:00,6.71
28/03/2024 8:00,7.55
28/03/2024 9:00,7.62
28/03/2024 10:00,5.27
28/03/2024 11:00,3.95
28/03/2024 12:00,0.89
28/03/2024 13:00,0
28/03/2024 14:00,0
28/03/2024 15:00,0
28/03/2024 16:00,0.09
28/03/2024 17:00,1.04
28/03/2024 18:00,3.57
28/03/2024 19:00,6.19
28/03/2024 20:00,7.48
28/03/2024 21:00,8.17
28/03/2024 22:00,7.35
28/03/2024 23:00,6.22
29/03/2024 0:00,4.43
29/03/2024 1:00,2.5
29/03/2024 2:00,2.06
29/03/2024 3:00,1.88
29/03/2024 4:00,1.24
29/03/2024 5:00,1.02
29/03/2024 6:00,1.26
29/03/2024 7:00,1.43
29/03/2024 8:00,2.2
29/03/2024 9:00,2.41
29/03/2024 10:00,1.62
29/03/2024 11:00,0.9
29/03/2024 12:00,0
29/03/2024 13:00,0
29/03/2024 14:00,0.51
29/03/2024 15:00,0.99
29/03/2024 16:00,1.34
29/03/2024 17:00,2.15
29/03/2024 18:00,6.96
29/03/2024 19:00,7.67
29/03/2024 20:00,9.48
29/03/2024 21:00,10.54
29/03/2024 22:00,8.74
29/03/2024 23:00,7.82
30/03/2024 0:00,7.59
30/03/2024 1:00,7
30/03/2024 2:00,6.93
30/03/2024 3:00,5.82
30/03/2024 4:00,5.85
30/03/2024 5:00,5.93
30/03/2024 6:00,6.03
30/03/2024 7:00,6.51
30/03/2024 8:00,5.8
30/03/2024 9:00,4.61
30/03/2024 10:00,3.65
30/03/2024 11:00,0.99
30/03/2024 12:00,0.31
30/03/2024 13:00,0
30/03/2024 14:00,0
30/03/2024 15:00,0
30/03/2024 16:00,0.1
30/03/2024 17:00,1.6
30/03/2024 18:00,5.25
30/03/2024 19:00,7.21
30/03/2024 20:00,8.15
30/03/2024 21:00,8.2
30/03/2024 22:00,7.59
30/03/2024 23:00,7.08
31/03/2024 0:00,7.08
31/03/2024 1:00,6.57
31/03/2024 2:00,6.05
31/03/2024 3:00,4.85
31/03/2024 4:00,3.12
31/03/2024 5:00,3.23
31/03/2024 6:00,4.05
31/03/2024 7:00,3.03
31/03/2024 8:00,3.27
31/03/2024 9:00,0.99
31/03/2024 10:00,0.86
31/03/2024 11:00,0
31/03/2024 12:00,0
31/03/2024 13:00,0.18
31/03/2024 14:00,0
31/03/2024 15:00,0
31/03/2024 16:00,0
31/03/2024 17:00,0.99
31/03/2024 18:00,4.33
31/03/2024 19:00,5.92
31/03/2024 20:00,7.91
31/03/2024 21:00,6.92
31/03/2024 22:00,6.58
31/03/2024 23:00,6.09
